protein_marker_01,protein_marker_02,protein_marker_03,protein_marker_04,protein_marker_05,protein_marker_06,protein_marker_07,protein_marker_08,protein_marker_09,protein_marker_10,protein_marker_11,protein_marker_12,protein_marker_13,protein_marker_14,protein_marker_15,protein_marker_16,protein_marker_17,protein_marker_18,protein_marker_19,protein_marker_20,protein_marker_21,protein_marker_22,protein_marker_23,protein_marker_24,protein_marker_25
-0.293639954,2.592365219,1.221415466,2.521116291,0.010368254,0.665769803,1.716046214,-0.177392454,-0.844814531,1.265926849,0.761053688,-0.446919019,-1.30974133,-0.855922344,-0.338893572,1.455410294,1.622622816,-0.706165255,0.406877729,-2.748309347,0.133677719,0.055478323,0.397852473,-0.343267216,-1.084013646
0.58694042,0.735518156,1.53620399,0.455620675,-2.132239413,-1.170022783,-1.714701659,-1.37044579,-0.628246235,-0.550663657,-1.378970375,-0.614870038,0.275678572,0.701937281,1.351818646,0.377858032,0.921066662,1.39180443,-0.504789436,1.659527173,-0.528590458,0.022399673,-0.576679639,0.719497619,-0.229516499
-0.438936561,-0.157746137,1.102129741,-0.248002589,2.372176301,-0.075606784,0.739231948,-0.545689854,1.05483686,-0.207291625,-0.70162571,0.393818395,-0.776822193,1.312552396,0.318846891,0.583661239,-1.110439612,0.699031308,-2.005077636,0.005054931,-0.358974664,0.621898549,0.461069028,0.484930554,0.355972823
0.075438634,0.458216318,-0.299517109,1.664822247,0.311981494,0.741796306,1.633336691,-1.988521111,-1.51544255,1.490741635,-0.012455836,-0.966916885,-0.207017367,1.648811153,-0.302624622,1.433255681,-0.299752431,-0.730544507,-0.236518652,-0.395493961,0.27842507,-1.611709924,1.945139247,-1.768186499,1.364575655
-3.917165732,-3.921584278,-3.868646727,-5.052647794,-3.3735241,-3.29270507,-2.882714749,-1.595227107,-0.722167717,-0.571536267,-1.347012115,-0.359717362,0.990444229,-0.253016639,1.133166321,1.434603588,1.545579684,0.709563343,-1.064406031,-0.605683065,-0.667536882,-0.102352957,0.656340264,-0.124124231,0.065067526
-2.151244256,-1.456975356,-3.604323024,-0.98097742,-1.250013655,-0.740047915,-0.111560593,-0.607845323,-0.776802109,0.66593873,-0.601945072,-0.249180424,-0.404937505,-0.081182867,0.889712001,-0.441619282,-0.083228129,0.029424748,0.496331981,0.439501869,-0.106018161,0.124277272,0.945693609,0.872404187,1.703696299
2.548885053,2.070458769,2.364990773,1.041284661,0.489965947,1.950521561,0.811336149,-0.240593741,-1.0972613,0.366841379,1.245801625,-1.503046895,-0.071217151,0.419234915,1.848456907,-1.159864644,0.081735158,0.446405655,0.805696992,-0.888388919,-0.645539046,-1.365370164,-1.59357645,0.277421613,-0.706675514
1.377961933,0.820549662,0.575753523,1.397434728,-0.610354486,-0.473385148,-0.503696408,0.052780638,-0.20682332,-0.158465025,-1.098000844,-0.375664365,1.364991708,1.162595321,0.338711959,-0.157181571,0.395513647,-0.064339273,-2.17482886,-0.576906463,-1.205620417,-1.379082421,0.386878599,0.469470971,-0.537578654
-0.516279617,0.321043993,-0.758231356,-0.16075583,0.957137217,-1.587216335,-0.284741956,1.448492372,0.148722624,0.022267953,2.210837479,-0.422529473,-1.175158183,-1.941794916,-0.607089014,0.644429616,-0.984888376,-0.369852192,-0.77423207,-0.552878104,0.763702175,-0.364708419,-0.26801775,-0.751423827,-0.305682505
-0.211494065,-0.406857867,-1.536880853,-1.05844669,0.030660373,-1.158240865,-0.74741682,0.193558504,-0.265830535,-0.021831749,-1.047159022,-0.630678595,-0.470083018,0.377168512,0.477216364,0.698872655,0.055481812,0.340126622,0.353373023,-0.292247044,1.707794441,0.008524283,-0.680124862,0.256210606,-0.817227526
-0.128755335,1.691069151,-1.037949356,-0.371369808,-0.744197017,-0.674925632,-0.330285339,0.821433032,-0.347023645,1.39225613,-1.248692689,-1.188387785,0.466889892,-0.74621797,-2.664600763,1.678584568,-1.230705609,-1.731783478,-1.408875135,-0.51520825,1.064571995,0.012046025,-0.022317327,-0.096342611,1.159404482
1.796165094,0.224519661,0.831583363,-0.037163628,-0.42182653,-0.063152187,0.610509989,1.810049302,-0.000845303,0.439942071,2.302350717,1.221051993,-0.202427845,-2.003846257,-0.301609965,0.119323482,0.509574037,-0.340490598,0.782660877,0.852814132,0.331716082,-0.556348481,0.108633981,-0.203453235,-2.769830912
-1.467729645,-1.088267283,0.05012764,-0.112199543,-0.269637391,0.852898136,-0.567879857,-1.016751023,-1.387301779,0.400042506,0.972347889,1.346790553,0.112928693,-1.226561746,0.96057348,-0.317807839,-0.840360627,0.561540029,1.049316535,0.271062305,-0.641528443,-0.597334593,-0.624391902,-0.679256428,-0.503568931
1.21188204,-0.131985012,1.447733472,0.682553747,0.692466474,1.656980809,-0.384197848,0.281853605,-0.678480333,-0.839770929,-0.246390362,0.133876155,0.525537691,-0.905531436,0.147431285,-1.414542315,-0.131911089,-0.27028548,-0.162015634,0.393036738,-0.286918724,-0.395176321,0.18846376,0.914862355,1.14820728
0.335872065,1.986722598,0.946049155,0.317849899,2.418076328,2.540126531,0.845167745,0.678878446,0.563358992,-1.923727605,0.157127163,-2.002481791,-0.878290101,-0.110694752,0.105072169,0.89876537,-1.414768506,0.692862639,-0.7739116,0.610602214,1.05702126,0.298521761,-0.173487098,0.345468583,-0.312318481
-2.307770323,-0.598286997,0.184271817,-0.338249448,-0.681997839,-1.113588185,-1.784374097,-1.122676041,-0.553999885,-0.575769706,-0.406525884,-0.509353003,-0.166649345,1.208044936,0.885067602,0.295297256,-0.719340833,-0.038815917,-2.310567625,-0.09309427,-2.281486767,1.244621007,0.702438875,0.244547775,1.07288647
0.45141122,0.841101917,0.998990148,1.015226916,-0.170355045,1.919895023,-1.302901289,-0.488234282,0.125001041,0.498642981,0.300003935,0.018355397,-0.707440454,0.189850529,0.863868116,-1.484588566,-1.192755863,-0.542424416,0.814025295,-1.020309329,-0.363260224,-2.220396886,0.227574841,2.050784662,2.197684145
0.138785361,-1.654144142,-0.625654697,-1.994481026,-1.291203005,-0.053800828,0.498081195,-0.076840656,-1.411489073,-0.621229725,-1.629693754,-1.4635468,0.022226168,1.188394404,1.618318977,0.355643453,0.074991272,-0.669978193,2.002536979,1.805172479,0.73411592,0.623002121,0.375923359,0.47379917,0.080384647
0.810904114,0.963414148,-0.264321551,0.059239435,1.501194858,1.128743189,0.108631906,-0.98753754,-0.045980691,-0.999740224,-1.837825104,0.572427258,0.898112271,-0.283405703,0.095252705,-1.203621905,-0.145114147,-0.672628019,1.795651198,0.927534655,-1.138280382,-0.111151661,0.979387969,1.200496688,1.168934269
1.527000756,0.34360473,0.008167448,1.167143965,-0.026483307,1.289093174,-0.129246586,-0.724053033,0.827334787,0.459406776,-0.517266393,0.948550881,-1.513498017,-0.616977283,-0.267026222,-0.36559969,0.345753835,1.786777431,-0.194973517,1.612827014,0.423388284,0.525722281,0.55495586,0.272932828,2.419137524
0.15608418,-0.389556858,-1.01618372,-0.343979555,-0.441295817,0.187629969,-0.054905333,-0.527113673,0.46869542,0.265995811,1.583360472,-0.528590237,-1.010095103,-0.100673131,-2.017467964,0.070274606,-1.530309791,0.312690856,-1.092675818,1.034538421,0.376989271,1.185543337,-0.006084393,-0.353163688,0.402090707
-1.134548699,-1.198061035,-0.315349508,-0.577363526,-0.218339133,-1.169219564,-0.013053542,0.191998343,-0.596557777,-0.946402274,1.38616274,-1.588111627,-0.99078942,0.864290953,1.118681425,-0.576334903,0.086549895,-0.288657254,0.837624226,-0.460371404,-1.45433243,-0.755126076,-2.08692495,-1.059137322,-0.048063187
1.95542328,2.1913356,3.275478861,2.278462353,1.969085029,1.762787734,0.249181951,0.880701137,-1.525066335,-0.455842342,0.472064074,-1.01529591,0.833635087,0.501416484,0.035792794,-0.866751221,-1.103404367,-1.333417213,-0.126868776,-2.347977938,0.08697811,0.944304678,0.513727994,0.241390128,0.902465317
-1.536470471,0.005331748,-0.372423878,0.93029054,-0.847045905,-0.719750107,0.582697996,1.030171785,-0.420963948,-0.061873201,-0.661613052,-0.413175792,-0.498874623,-0.079001897,0.191478857,-0.615622532,0.534845962,-1.384592334,0.478131724,-1.229096426,-0.617445268,-1.254042864,-0.911923302,-2.663489538,1.184216753
-0.067475267,0.15023858,0.010962582,1.217448545,0.072994802,-1.300381259,-1.768463091,-1.73412945,-1.360830243,-0.395550044,-0.714136867,-1.082717852,-0.144091544,-0.686288998,-0.469331608,-0.495645539,-0.09095796,-0.597439475,0.302751703,0.636522047,0.416098676,0.127599233,-0.086237825,0.272467076,-0.038815294
0.108378102,-1.665925585,-2.038104024,1.437993531,-1.816004599,-0.519023904,-0.545329786,-1.11792956,-1.059817582,0.065378987,0.084356481,-0.727382264,-1.329924017,0.425339086,0.991883546,-0.783971723,0.050498838,0.8065209,0.093003464,-0.101747919,0.669788686,-0.242516769,0.371046985,0.315398393,-0.483843659
1.38164566,0.17678664,1.98380916,3.661621735,1.235759912,0.803734342,-2.42915908,-0.101342089,-0.897866678,-1.295378711,-0.036055671,-1.127457041,-0.422455647,0.243874653,-0.417820998,-0.620796323,-0.85676226,-0.570636811,1.028513803,-0.419849859,0.398938934,0.046279468,1.333029024,-0.21756758,1.717395318
0.672333907,2.66681652,-0.015815105,-0.921749115,0.629912794,-0.409683642,1.172919357,-0.502349076,0.870585401,0.292904115,-1.971456588,0.659232391,0.651964126,0.981541755,-0.158885322,-0.93313402,1.424277516,-0.990259996,1.065668069,-2.495553502,0.072592324,-0.989034285,1.842322801,-0.092366361,-0.270614458
0.613882851,1.622644749,2.732765668,-1.133839307,-0.158459773,0.830658404,0.033355432,-0.329948354,0.151327989,0.937087418,2.86712273,0.576432113,0.083204929,-0.755343,-0.194846144,0.38346929,-1.299677895,-0.90782182,-0.522687685,-0.013127264,0.288871272,0.436883456,-0.921218287,-1.251169518,1.19372877
2.957648044,2.318782011,0.759092146,1.308101612,2.768420199,0.225160905,1.138772496,-1.009066096,1.410425658,-0.427581835,1.531787486,0.73883841,-0.247864997,-0.75180488,0.254079195,0.029932697,-0.510547942,0.433745369,-0.923112471,-1.08177855,-1.176065089,1.586287266,-1.315862876,1.38560362,0.262867273
1.323281253,1.140216021,3.225127449,2.024345449,2.240380748,2.250731045,1.791024079,1.633154784,0.10381941,1.439617746,1.217751535,2.079950299,-2.157973633,-0.069032483,-1.78334547,0.325667042,-0.652738052,-0.822713428,-2.49911584,-0.724382581,-0.030751784,-0.971856871,0.325717169,-0.337250956,1.826965158
0.28580321,-0.911122021,-0.356978784,-0.975168079,-2.262837326,-0.555554835,0.358470011,1.201225199,-0.368176152,1.029823131,-0.719577688,-0.666732952,-0.152911623,-0.224444958,0.648541931,1.840278307,-0.08397916,-0.422238717,-0.34616136,0.850104097,-0.796483247,0.189645522,0.242427754,-0.972092746,-0.849045923
-0.614662282,-1.326311793,-1.485987999,-0.187104365,-2.043986618,-1.014934608,-0.415967808,-1.284254188,-2.057527403,-1.493050941,0.429851231,-1.339733959,0.311508243,-0.225430809,-0.469514566,0.788877468,-0.508257429,-0.098264577,-1.093325159,-1.029141954,1.031538753,0.855873121,-1.201875878,0.544661065,-0.850980402
0.834067328,-1.420643475,-0.262474062,-0.63926346,-1.174599755,-0.484064593,0.140487988,0.678942775,-0.552096196,0.792692052,0.231580127,-0.633488918,-0.607821916,1.413546338,-0.332402881,0.689448777,-1.345694728,2.270115268,0.419196919,-0.933689305,0.683238156,-0.296740728,-0.016603002,0.110756108,0.854486402
-1.322286913,-0.845133486,0.174982049,-0.924016418,0.776335709,-1.296219166,-0.731491309,0.035111648,-0.803208395,1.461909777,0.163925807,-0.417006914,0.373809244,-1.449497844,0.581123245,0.450710747,-0.837950854,0.882067969,-0.335866935,0.185580327,0.68040135,1.360392922,0.597540946,-0.358334785,-1.130339307
1.503177592,2.359327159,1.195749292,0.957520291,2.032879719,1.927442389,-0.490788026,-0.995888696,1.593778655,0.31583905,0.894298185,-1.238882291,0.40142139,1.455442523,-1.290665917,0.024789633,-1.25858666,0.926622494,-0.22742865,0.872362092,1.713491556,-0.429688341,-1.230151722,-0.464033366,0.116628462
-0.717662167,0.208161946,0.206089954,-0.572523356,0.795387068,-0.281873898,0.218077543,-0.45650024,0.652272792,0.012460261,0.208205923,-0.159715757,-0.435902228,-0.511490262,0.834979771,0.085061021,1.551183744,-1.537011941,0.811966096,-0.402705895,-0.329977465,-0.116294703,-0.994585392,-0.005638693,1.548409233
0.062355713,-0.76978454,0.569719331,0.59038572,-0.034591574,0.154138927,-1.154577631,-1.389764941,0.285837363,0.301362548,-0.235184782,0.362355264,0.947303741,1.074110329,0.385284819,0.267661541,2.332281103,0.158062717,0.39725468,1.467215405,-0.549007352,-0.993154196,-0.644159935,1.345815971,-1.784832139
-1.237072644,-2.389966878,-1.706600965,-2.518910363,-2.310971837,-1.777437056,1.132733513,-0.347959651,-0.443856685,-0.237121853,0.538497389,0.601814382,0.189802788,0.19064873,-1.194880648,-0.630934542,0.242855915,-0.291741764,-0.11669006,-1.278669178,-0.353602716,0.126590357,-0.212260249,0.46954641,0.402139279
0.378183464,0.655918639,0.081721234,-0.122650267,-0.841555854,-0.3877353,0.85387753,0.89159191,-0.331755617,-1.46515293,0.826824108,0.981411044,0.804716708,0.016518581,1.000320791,0.527320123,-1.491988362,0.261748701,1.686425676,-1.454055601,-1.602236408,0.003022945,0.693971506,-0.034408281,1.211745389
0.550037256,-0.793478308,-1.246454829,0.062412871,-0.102986818,-1.504543468,-0.620127994,1.560465599,-0.904947358,-0.095094218,0.236164801,0.100756524,1.570596634,-0.49664681,0.019089395,-0.288304289,0.404100735,0.693687231,0.738148916,-1.539285998,-1.523583121,0.635901245,-0.326480674,0.852433876,-0.025907665
-0.525859286,0.036496217,-0.080782498,-0.172290765,-0.170319592,0.694795315,0.362854048,-0.622810504,0.81928681,0.993506794,1.777594534,1.825227168,-1.174402928,0.580814993,0.164609285,1.114463083,-1.073072836,0.103679598,-0.415860854,-1.652183764,0.621103009,-0.63620604,0.055316826,0.027531891,-0.92709283
-1.047519748,-0.129008319,-0.298345407,0.407139008,-0.606398048,0.086144906,0.066723885,-0.458392497,1.49230556,0.582739566,-1.403872761,-0.94747442,0.925464361,-0.079663089,1.139446477,1.056550711,-0.261325551,-0.552294641,-0.371253266,0.336548965,-1.395140131,-0.681995625,2.24617783,0.401552276,-0.262608008
0.106523181,0.38764229,-1.312593777,-0.595185298,1.307982507,-0.307074727,0.082782999,-0.620998213,0.49111046,-0.607949279,-0.537614425,-0.679517542,1.093211646,-0.596908288,1.268042207,-0.644612923,-0.647221068,-0.676168467,0.788379694,-0.977789319,-1.074912565,0.462492118,-0.956310283,0.151127732,-0.838519786
-0.079499021,0.140099183,0.0764166,-0.902782705,-0.14526909,0.256322762,0.008764583,-1.300002088,-0.540772115,-0.451550497,-0.199642962,0.733431437,-0.91445234,1.59116761,0.140084173,1.081181909,-0.491295127,0.517673746,0.202845698,-1.410192364,-0.101719877,1.39719049,-0.652993397,0.589780418,0.069158225
-0.04464637,-0.395524724,0.022147208,0.323219932,1.092984239,1.038228235,-0.153094657,-0.130320486,-0.371906247,0.618920155,-0.831838465,-0.187986857,-0.59414961,-0.050096582,0.479017581,-2.38120877,-0.395789235,0.571524847,-1.12115971,0.379796695,-0.412227603,0.629010248,0.678088874,-0.444144174,-0.27670556
0.161202187,0.466945041,-0.092293572,1.183392328,-0.310880015,1.734201583,-0.985652386,0.197663843,0.169800568,0.145407022,-0.140221807,-0.374095711,-0.832739461,-0.913126077,0.029067265,1.432203098,-1.487151827,-0.178142937,0.89471284,0.823949247,0.885652358,1.847412249,0.988043191,-1.139342864,-0.513260522
0.488395195,-1.260830886,-0.660348291,-1.059313118,1.605490677,-0.834012625,-1.532875868,-1.24633898,2.018039191,-1.00403428,1.38997353,0.764528948,-0.197761557,-1.419516373,-0.386839378,-1.282859192,-0.710070738,0.038553385,1.2572322,1.050858397,0.060461305,0.555307471,0.414800874,0.90684815,0.466147395
0.742636684,-0.156237861,0.780879824,2.022461135,0.734811738,-0.1018062,-0.357778929,-0.024783292,1.00835604,1.011781067,-0.166836569,-0.412908158,-0.558348703,1.441400481,-1.66271242,0.207981214,0.680330076,-0.192509465,1.181388868,0.875284465,-0.798468679,0.519292856,1.808967569,1.504928318,1.579115622
1.525951964,0.370331816,1.903964273,1.90009598,0.98678139,-0.531517982,0.664164842,-0.836840551,0.408711197,0.005751674,-1.36708333,-0.524150628,-0.202108804,-0.520385513,0.169777179,0.361021875,-0.053853921,0.218534228,1.542749002,-0.918103466,0.97163301,0.679292881,0.317455935,-1.091881084,0.327820879
0.492114163,1.09475135,0.647645399,0.01166598,1.132261323,0.24876213,-0.625664739,-0.307597498,-0.224378887,0.609884901,-0.677491529,-1.0532001,0.652997706,1.754462625,1.139852258,0.910153386,0.011590668,0.543173088,2.06919813,0.276090964,0.728791385,1.488170756,-1.976103684,0.179291674,1.34366557
1.36946252,-0.152070973,1.660174761,1.998616327,0.510123274,1.979878672,1.260116287,1.28810881,0.463487172,-0.977101401,0.258432989,0.482353748,-1.927181429,0.138018037,0.304048788,-0.516778006,-2.229974196,0.346198257,1.729959035,0.496871577,-1.410983438,1.237570066,0.096995687,-0.448870189,1.578824898
-0.671592531,-0.88514483,-1.178236241,-2.876473892,-0.475602195,-1.636208822,-0.652457732,-0.218996271,-0.192469719,-0.715442773,-0.578867935,-0.437660866,-0.366499543,0.638601217,-0.450676335,-1.420962088,1.36300983,0.531231427,0.340661782,-0.474883245,0.252266645,-1.084878233,-0.570983624,0.883378692,-0.586640302
0.324723968,1.531403433,-0.462507364,1.750014223,1.596182406,0.495684134,1.890810638,0.888083513,0.385975723,1.170469603,1.209825808,2.026428735,0.714820194,0.264744357,1.099654281,-0.182674195,-0.505082975,0.06774045,-0.208427875,0.164752104,-0.71507679,0.800581888,1.383811749,0.246645735,0.274858504
-0.186078521,-1.839031038,0.042775675,-1.10480279,-0.996339088,-0.924164035,0.272792525,-1.155776293,-1.423792504,-0.780398531,-0.30309511,-0.952901258,0.662128963,2.158986274,-0.113892438,-0.032615643,1.176202128,0.086061951,-1.829601697,-1.25161823,-0.741437793,0.265356506,0.964624064,3.327472286,-0.424947644
0.706176049,-0.943009484,-1.233713706,-0.008019147,-1.266048827,-1.138871756,1.137621242,0.30086491,1.121414628,-0.761527865,0.126025223,-0.017049625,-0.729080728,-1.749389466,-1.659216038,-1.620665568,0.362454571,-0.478690333,0.010867845,-0.627600176,1.869514661,-0.194035016,-1.589690776,-0.301433485,-1.482163841
-0.502781117,0.543167344,-0.943190404,-1.412447296,-0.657510189,-0.69991044,-1.092167777,0.409583201,-0.050497567,-2.097965699,-1.083266683,1.154505613,0.600031543,0.289207155,1.012413222,0.137134236,-0.409548298,-0.617425546,0.519136059,0.371787306,0.124271388,-1.772929155,1.350318064,1.537292337,0.355760869
1.357198893,1.095197102,-0.108487098,0.629875687,0.594620878,-0.278796292,0.831577695,1.211549519,1.623426873,2.111783487,0.442039763,1.654807902,0.670950802,-0.761912706,-1.374072021,-1.491495799,-2.033240095,-0.033668812,0.043552905,1.507542654,-0.217538489,-1.54016091,0.939367769,1.634630645,-1.052149618
-0.98000226,-2.902799005,-1.445380245,-2.107542841,-0.455108571,-0.686686176,0.694503289,-0.429190125,1.054380761,-0.134021704,-0.874214249,-0.221690617,0.258917027,0.111256844,1.905696426,0.887217483,2.260402252,-0.338541107,-1.888220999,1.151439613,0.084951225,-0.36446722,-0.324462129,0.533597459,0.484303276
0.539411024,0.802878377,1.108007552,0.148713257,0.836124919,0.200507972,0.824899234,0.778176094,1.035928742,1.585187113,0.351067986,-0.733454596,-1.246062344,-0.204516757,0.694098636,-0.560369186,0.384025122,0.393643057,-0.286621349,0.660858478,0.874240263,-1.464591508,-0.078441894,0.037083319,-1.555878083
-1.366645892,-2.067307526,-0.806951349,-0.134061909,-1.559322607,0.352846001,-0.337204941,-1.927488407,-0.503644653,-0.019042126,-0.220917605,-1.498487425,1.376463251,0.349375686,0.383985074,2.353989817,1.36577138,0.54279598,0.645332049,0.079700039,-0.701604476,-0.343756819,1.392177041,0.094837697,0.170992999
0.31971377,0.427707299,1.098869232,-0.171726246,0.36378557,-0.970951148,-0.806107195,-0.250589244,3.093803548,0.880916817,0.717084352,-0.522383563,1.667950648,0.286527361,0.530633622,-0.113351031,1.754154695,0.854845493,-1.025915035,-0.075230513,-0.530849969,0.714341253,-1.971511916,0.010204852,-1.570733004
0.744742312,-0.345280923,1.468249995,1.75500662,-1.362709407,1.364680031,1.539473826,0.509928174,0.084469494,-0.364634367,0.608907241,-0.060513605,-0.854489846,-0.078183289,2.124563136,0.330388567,0.144714738,0.51629935,0.165691245,-1.447599954,0.656671458,-0.580956323,0.445398005,1.133299712,0.673864766
-0.963430781,0.010917929,-1.483713411,-0.238667159,-0.410790968,1.09420131,-0.002729303,1.385666948,-0.257025847,1.086240826,0.343468216,0.237848992,-0.169850949,-1.387380176,0.694828518,-0.396942172,1.01198223,0.553459116,0.431627001,-0.835506534,-1.51638929,0.083462603,1.093409635,-0.872636297,-0.393380074
1.34435503,0.755720786,0.263662442,2.277701391,1.374743619,0.850114856,-1.608959639,0.165860533,-0.152739716,1.303958136,1.368408384,1.44877089,0.732210768,0.094300131,-0.034549281,-1.709870673,-0.679647035,-0.677658484,1.117967641,-0.802854855,0.990771841,-1.069951958,-0.088713031,-0.160983973,-0.489793108
0.995801287,1.13622799,-0.222283986,-0.085409757,1.970383824,0.837564238,0.034875346,1.590453097,1.652264228,0.403891512,0.905244959,-1.002389409,-0.173848689,0.366777474,2.322567062,-0.461913237,0.386149147,0.090337973,1.712605393,0.574759316,-1.605179735,0.298767285,0.647909813,-0.282185958,1.126504851
-0.69282493,-0.824639928,0.07476801,-0.614061589,-0.249352796,-1.090153159,-2.622322262,-0.110144485,-1.642003236,1.074484899,-0.446561509,-1.529099748,-1.450512924,-0.36580528,0.227876685,0.800125872,-0.445033261,0.786152966,-0.377826063,0.944947771,-0.245766809,0.508135391,0.103154537,-1.726194421,-0.321570168
0.177977538,-0.961649428,-1.313807084,-1.196078235,0.299683504,-1.476361815,-0.965450261,-0.241252278,-0.682684551,-1.317602491,0.469750709,0.164840579,0.560899074,1.842929598,0.685456464,0.703613953,-0.291649789,-1.234370902,0.183757382,0.73657342,-1.598832873,-1.422934257,-0.78403927,0.85891491,0.110852602
0.525636083,0.193792013,0.70861052,2.22877497,1.726450663,1.075041307,3.078924609,-0.132600289,1.844652336,-0.461682768,0.329793199,1.347410194,-1.181219331,0.901723013,-1.142883429,-0.564232522,-0.212991041,1.231232544,0.215069173,1.182666438,-1.056251662,-0.751886297,-0.809030017,1.062919381,-0.198616207
-1.099727405,0.314344086,-0.216098684,0.085285979,-0.419897678,-0.038128622,-0.436491571,1.109466352,-0.344334456,0.726407022,-1.905897994,-2.312522706,-1.076693825,0.826513583,-1.440290465,-1.244123992,-1.073702505,2.106314255,0.649374859,0.072257552,1.297666859,-1.267170267,0.711929267,-0.634218434,0.507392419
-1.381936288,-1.84725955,-1.691795441,-3.544785834,-2.083746441,-3.180489907,-1.855367574,0.013021357,-0.7354574,-1.337679977,-1.157440395,-2.116847117,-1.108482979,1.195128883,0.18746815,1.026502942,0.742972013,1.299049678,0.537403086,-0.982930183,1.044457874,0.509214797,-0.635706726,1.030132457,1.042944922
-2.092043422,-2.23914716,-2.140738816,-2.009345271,-0.720431765,0.693380963,-0.886904931,0.620156575,0.003958762,0.828428247,-0.273069721,-1.132471274,1.468017089,0.423737782,0.431217801,0.774188452,0.115888136,1.121943211,1.42500556,-0.049932896,1.1513223,0.164006561,-1.524580938,-1.583657721,0.835635457
-2.08865931,0.101985494,-1.586849599,-1.402198689,-0.979178666,-0.837339644,-1.257133437,1.347820084,-1.103298253,0.642739912,-0.42581662,0.658636833,-0.429431887,1.349043194,0.618145526,1.080878069,-1.466996269,0.851691038,-2.33129673,-0.72483709,-1.448988284,-0.049711794,0.122398692,0.023954503,-0.46666857
0.573913743,-0.239502994,-0.10631487,0.593250696,1.041180609,-0.058077817,0.383914819,-1.444825761,-1.599238584,0.99850928,-0.467235802,1.253670252,0.125996302,1.23967289,-1.451800203,-0.420707236,-0.585901958,-0.465096268,0.418021078,0.657859992,-1.051056158,-0.128281538,-0.513081421,-0.126258471,1.209046969
0.356858114,0.359138223,1.136875878,0.841572039,-0.593728175,-0.231861649,-1.021013621,-1.356584241,-1.445453634,0.486870301,-0.985564618,-0.617223425,0.47120998,0.677372604,0.544757882,-1.565786321,-0.36039824,-0.149002198,0.487411009,-0.359087403,0.339872569,0.322835435,-1.199108125,0.087748708,-0.916351363
0.082368487,0.301250021,-0.291219286,-0.497470808,-0.035091395,-0.472428387,0.620758826,-2.043084753,0.885148549,-0.392710908,-1.271816779,0.245585242,-0.096032783,-0.754924882,-0.989016846,0.238714291,0.525882944,0.626294532,-0.235229233,-0.098531617,0.71531749,0.342851492,0.071747433,0.08254517,-0.742481913
0.098181177,0.676183539,-0.163742922,0.018619512,0.981586968,0.161593274,-0.691350989,1.064257008,0.503911472,-1.126791168,1.49476797,-0.427686702,0.416452128,0.113825132,0.69739935,0.141309938,0.406216583,-0.726357049,-2.264009742,0.69362223,-0.799513685,-0.495577494,0.76727674,-0.077041663,-0.127800736
-0.151605076,1.760601891,-0.724456988,1.423990703,0.65161428,0.884501703,3.291436345,1.640272706,0.493580886,2.353262891,0.905551891,1.620487862,0.287454387,0.460814138,0.785944943,1.197026504,1.247236238,-1.010134114,-0.060996111,-0.74109429,-0.578921383,-0.635596804,0.020150064,-0.387772915,1.046800452
-0.496587168,0.172781601,1.107259931,-0.454389077,-0.011346257,0.381810809,0.496861233,0.151893221,-0.916191807,-1.205851904,-0.296326214,1.368031217,-0.09466872,0.535013776,-0.574914819,-0.193096909,0.249141998,-0.576552908,-0.710560763,0.963976586,-1.131347646,-0.058995195,-1.066240856,-0.108705968,-1.170151419
-0.255200561,0.724763153,-0.603007624,0.292192847,-0.108119859,0.552590875,0.254595552,-0.663937767,0.148288323,1.725428314,-0.192623847,1.445893107,-0.575872274,0.038541796,-0.75916575,0.067351089,-0.390293674,0.698899146,1.67795541,-1.347596352,1.658245291,-0.189734898,0.481803562,1.363221239,0.891484144
-2.002860866,-0.956365259,-1.90913641,-0.769170225,-0.439559838,-0.87814377,0.043143299,0.216479176,1.241197505,0.861330358,1.358501918,0.267507291,-0.924274779,-0.669999026,1.229413053,0.215657692,-0.212394758,-0.939213876,0.37529137,0.306550968,-0.474955799,2.060682225,1.035156382,-0.57871895,-0.054747095
-1.039394485,-0.888959097,-2.556178085,-1.47562636,-1.644570163,-0.7414719,-0.821220997,-0.193661341,-1.061106272,-0.415475767,0.398487179,-1.063412961,0.13719069,1.657460368,1.017294964,-0.305563883,-0.081569154,0.028799619,-0.795484827,-0.090898997,0.031292304,-0.383894672,2.213034163,2.255340013,-0.433733524
-0.838967652,-0.189402319,-1.571449807,-0.193865725,-1.293815089,-0.499482315,-0.653509052,0.658584223,-0.570014012,0.369007938,-0.828886138,0.00023486,0.013521203,-0.838018897,0.263847547,-0.453553303,0.566244417,0.031060803,-2.052645005,0.827341796,0.083644602,0.289665312,1.44184403,-0.635164453,1.097806366
-0.836614745,-0.044844037,-1.696302446,-0.898821016,-0.112453198,-0.801952364,-0.818674991,0.083501104,-1.160481106,0.246959522,0.841323747,1.025130925,0.519996022,-0.713590317,1.45519325,0.045502523,0.187448196,-0.777074052,0.590617682,-1.374373962,1.105620453,0.465926488,-1.00535839,0.240059217,-0.802670829
-0.495381506,-0.070683322,-0.790879154,-0.238677981,-0.312270247,-0.792721864,0.931183743,0.068835321,-0.807696736,-0.66744461,-0.618705636,-0.835835314,1.410028936,-0.775871153,0.493479428,-0.409821801,-0.147159795,-1.777247249,0.696149194,-1.530791123,-0.952466565,1.400524291,0.858082738,0.571206503,2.285676154
1.912143643,1.289834866,0.715487698,0.621467245,2.37793705,2.374377777,-0.398801618,-0.034590993,0.358287389,1.282754396,-0.448040613,-1.472194428,0.139074456,-1.019636106,-0.728896857,-0.376626287,-0.162699944,-1.094301654,-0.215776851,0.750044386,1.168260834,-0.811184592,0.256523921,-0.291755905,-0.176641789
-0.739736972,-1.595299151,-0.975067839,-0.653472382,-0.544850069,-0.872382045,-2.523383095,0.290882585,1.084516759,0.469313707,-0.962947554,-1.01938489,-0.565504528,1.286901208,-0.737241039,1.909896041,0.579353418,0.399088685,0.603675482,-0.390922142,-1.278720716,1.339647829,-1.152099161,1.382363212,0.149841704
-0.749533602,-0.52892377,-0.676443964,0.278342838,1.143308822,-0.6101643,-1.541186518,-0.013143389,-0.364999669,-0.417803548,-1.215916618,-0.787285845,-1.967413175,1.148376539,-0.101392163,0.933997412,-0.910152326,0.43315618,-0.348270528,-0.090802104,1.165720258,-0.147395574,0.283795212,0.545211783,1.542905016
0.697495564,-0.010557467,2.226012831,0.80023218,1.395747641,0.418586013,1.238868215,-0.558590822,0.404675898,-0.059692941,-0.672443249,-1.097801149,-0.860304816,-0.234902312,0.5262871,0.108972817,0.117046555,0.276665355,1.067215275,-0.659749161,-1.715299585,2.50134523,1.918676698,-0.204902359,0.175929679
1.532157909,0.566007661,0.076819475,1.8060637,0.812092141,1.273222306,-0.114264779,1.281047981,0.833706784,1.210271607,0.75992199,0.297442401,-1.366327237,0.290397044,1.094497382,1.240223623,-1.577100698,0.392329244,0.992684836,0.91281038,-0.104555652,0.362602219,1.195864211,1.371264773,1.188868878
-1.976207275,-1.750578895,-0.03342997,-0.236979031,0.198161433,-0.1317066,-0.030801528,1.124903627,0.674951051,-1.636008491,-0.104431298,0.513271796,-0.89021977,-0.242338908,-0.211725594,-0.975291276,0.762129421,-0.796640199,-1.638925371,0.29921621,1.625437222,-1.228929129,-1.013449806,-1.015491781,-1.953158467
0.548633611,-1.098207767,0.194243044,0.732238727,-0.354377239,0.021468476,0.953332055,0.354643298,-0.532021921,0.336298487,0.483617875,1.539898494,0.25251921,-1.038309224,1.126282355,2.275865802,0.508932649,-0.722078293,-1.395191844,0.240664088,0.697256108,-0.197158673,0.013717217,-0.56548352,-0.44259704
0.836966426,2.21356455,-0.048408274,0.773445125,0.383915156,0.305378538,-0.563841984,0.335359666,2.053500679,0.725388458,0.340880948,-1.035770797,0.224105866,2.144450716,-0.044688079,-0.266297857,1.614509141,0.485706614,2.031281723,-1.169620468,0.421242289,1.336269357,0.49167443,0.562570432,0.396733778
-0.637373683,-1.55278552,-0.988971034,-1.921366294,-2.119785633,-0.486734916,0.566812184,1.439076954,0.008531271,-0.674841939,0.495517065,0.650200337,1.700261229,1.265167342,-0.675536843,1.83132668,-0.977035422,-0.162673689,0.93219635,0.501505553,-1.048415142,0.081541154,-1.729903602,0.801466425,1.081419298
-3.201755178,-0.809027257,-1.659426707,-1.621460365,-2.451207368,-1.615565487,-1.558962614,-2.379577873,-0.790342914,-0.163544272,-2.730350721,-0.169451208,1.025340449,0.909544517,-0.585114859,2.390029795,1.610673608,1.406937812,-1.262381005,-0.992212919,-0.734801244,-0.059625408,-1.695437764,0.322621885,0.769696558
-1.749981696,-1.210785864,-1.440783203,-2.738761501,-1.104376098,-0.175259186,0.283377774,0.848923478,0.262528932,-0.228545349,-0.942863579,0.235560424,2.22473992,-0.263811565,0.050873399,-1.071417461,1.348691423,0.849725573,-1.570380038,-0.658553028,1.344395821,0.718997164,0.154627844,-0.127192322,0.676032108
-2.281748803,-1.500420227,-0.424754547,-1.251016902,-1.512617989,-1.915823993,-0.355866259,-0.428176989,0.270590217,-0.487246399,0.460558747,-0.879182683,1.106570328,0.260503925,-0.67884682,1.783327793,0.298936022,1.618383371,0.207772066,-1.365347665,0.472339491,-0.344997691,0.16767505,-0.251444068,1.061057842
0.178407065,-1.505497805,-2.013309681,-0.668211105,-1.20457027,0.119785077,-0.473544358,0.66267327,1.028360459,0.550512279,-1.351833649,-1.173415238,1.326172459,-0.274146607,2.157596858,0.093518163,0.010057372,-0.069946284,-1.142315392,-0.156541475,0.890249247,-0.210733176,-1.838818933,1.131400926,0.475019653
-0.561037997,0.496301081,-0.13887565,0.156705097,-0.64946509,-0.939053578,1.226531439,0.631737301,0.027995402,-0.393413934,0.846523152,0.61203507,-0.462933024,-0.052096963,0.255445804,-0.651092591,-1.11655243,0.820859846,-0.316707388,1.06447326,0.073793812,-0.94467451,0.387973526,0.24039465,-2.143184027
-2.5492351,-0.433606189,-0.746451979,-1.723752452,-0.268859562,-1.230961715,0.677724808,-1.014583398,0.707778633,0.780718058,-1.140195171,0.118554732,-0.650140686,0.595848527,0.230864305,0.789091978,-0.894311059,2.148125977,-0.04727919,0.226694989,-0.281731484,1.728820781,1.086962703,-0.872238772,1.442203253
0.380980416,1.148472378,0.66426457,-0.551721323,0.224115385,-1.112191767,0.096994223,-0.184433828,0.37749119,-1.447386271,0.251585397,-0.23791074,-0.271707008,-0.174656051,1.68215848,-0.774766898,-0.543753994,0.180725199,-0.090438389,-0.441820906,0.76666163,-1.222611279,-0.218301669,-0.929902363,-0.837664999
0.311774387,0.989484276,1.18918907,1.167959797,0.165753409,0.045556959,0.401600248,1.670950079,1.637795083,1.045329147,2.170972202,1.900371829,-0.465412482,-1.763701382,-1.626770536,-0.002932525,-1.584927982,-0.005353895,1.126538282,0.109146318,0.259353034,0.16946666,0.059811786,1.513461313,0.313625007
-0.241574317,-0.406782599,1.37963023,0.49731615,0.80105627,0.703887672,1.415252257,-0.122699889,-0.126760823,0.093244173,0.714386908,-0.284662035,-0.440650606,2.043545477,0.001263838,-0.722022644,1.560842625,-0.71278307,1.834756239,0.103613972,-0.169960001,0.479884548,0.571411717,-0.718761612,0.181004761
0.945125595,-0.452787986,-1.172332386,-0.197884441,1.906975581,-0.201038254,1.018047213,-0.011146579,0.219262971,0.058374621,-1.056013782,-1.092529609,-1.159158631,-0.044356377,1.541575964,-0.098759098,-1.60997718,0.546520424,-0.478917853,0.066068684,-1.414007057,-0.01365112,0.439029276,0.272731067,0.047327619
-0.483432734,-1.833660434,-0.597508554,-0.190581874,-0.728869782,-1.762981684,-1.145306012,-1.346781724,-0.19057301,-0.481654337,-0.091719781,-1.003283512,0.701920111,0.737698988,0.197129732,1.528592509,0.460772118,1.342918541,-1.130659164,0.17733443,0.953908297,-1.253862795,-1.668622502,1.350906435,-1.106040684
0.687501686,1.104564487,0.944225913,0.299535249,-1.944352611,-0.217663726,-0.394794679,0.706237338,0.464621298,0.092692419,1.709229522,0.568559375,-0.832954304,-0.308265302,2.274035546,0.419769287,0.464037759,-0.37310472,0.388846155,-1.039994354,0.440026312,-0.998764028,-0.905121192,0.542107291,-1.938693264
0.267768957,0.855027029,-0.862788423,0.104337402,1.620455468,0.178456196,-0.042065018,0.574811876,-1.610478056,-0.016736616,1.464235709,-0.62256092,-1.047635034,-1.073302285,1.039552075,0.008695291,0.654257028,0.860051333,1.631480114,0.10653836,-0.606262049,0.522516918,-0.395853436,-0.757642408,-1.002378907
-0.199783617,0.120820469,1.945828681,1.036342389,-1.413034018,-0.725766955,-0.339683032,-2.25752397,0.705997338,0.038355235,-0.033958728,-0.153683906,-0.891215926,0.043691099,1.293994894,0.605931576,0.519421326,0.371087042,-0.403215156,-1.755248369,1.179252734,-0.779879309,-0.860827051,-1.015694095,0.826238437
-0.433735042,-0.507600637,-0.133028588,0.769843591,-0.43479927,-0.320906459,0.70630127,3.225903096,1.467954285,1.230111414,-0.314435619,2.115211978,-0.505027788,-0.585007656,0.907297493,-1.559940066,0.557652438,0.057598913,0.850358892,0.575623608,0.243812499,-2.072017222,1.466968498,1.869888473,-1.446621863
-1.666009063,-0.018415232,-2.824524886,-0.745109014,-2.030001329,-1.463940318,-0.372767732,-0.297312336,-0.533570193,-0.222414608,-0.101020349,-1.418068617,-0.287265049,1.243143091,0.606004362,-0.150412558,0.203232202,1.335379915,-0.837135593,-1.102749192,0.263398839,0.386978323,0.634475938,-1.041164592,-0.88028097
-0.116839385,-0.976566417,0.043317737,-0.469629912,-0.797637844,0.372281817,1.016995308,1.22305848,0.33187152,0.328526477,2.086496523,0.369715869,-0.357329188,0.663421541,-0.591438773,-0.53929133,-0.073252694,0.314961283,0.021271368,1.17759783,0.883895576,-0.87249538,-1.109725406,-0.553269234,0.418046654
-0.047928105,0.386863137,-0.191899382,-0.7242822,0.561302905,0.983936957,-0.039601871,-0.362238581,0.318095166,-0.247949114,-0.150441049,1.321879836,0.457192414,0.605319071,-0.187103749,0.624957761,-0.347412822,-0.208296504,-1.161942282,-2.445236264,0.66870662,0.631219274,-0.214335758,0.372503639,-1.027424675
-1.695950777,-1.023926623,-0.497404667,-1.216133097,-2.924418754,-2.747612471,0.342442149,-0.683679544,-0.119279248,-0.469708224,0.205950896,-2.352939092,0.724951227,1.097397587,-0.680286768,0.573171363,1.380225517,0.957919204,0.01083206,1.674424943,0.293674479,-0.201621298,1.130392137,-0.218878449,-0.54304819
-0.540351719,-1.6373775,-0.57931902,-0.169338808,-1.057961234,-0.206444981,0.336769424,-0.57003222,-2.088632094,-0.881023845,-1.44733083,-0.779308561,-0.088623069,2.129419476,0.446753654,0.987770058,2.39599958,1.50679073,-0.116454979,-1.639220677,-0.188585054,-0.249812329,-0.646239391,0.573805205,0.081821516
0.467197763,-0.898142337,-0.869648225,-0.155470556,0.439300146,-0.879273601,0.521114123,-0.822722372,0.388338006,1.013744128,0.385509487,1.11359217,-1.198792756,0.325621238,-0.029210772,-0.049889622,-1.099785712,-0.524020318,0.608122899,-1.199934629,1.983664154,0.052238183,0.851583854,-1.467772125,0.282642739
-0.931544256,-1.765542631,-0.103400508,-3.813677484,-1.86266969,-1.053020298,0.959999092,-0.893341272,0.346159448,-0.129079388,-2.324654637,0.823401764,-0.33273867,1.174616687,1.705633944,-0.523967233,-1.64266831,0.183703234,1.778061609,0.299057038,-0.733800821,-1.13849333,1.383179691,-0.210399384,-1.047225948
1.976457285,1.693265528,1.335308865,1.283267002,-0.411993409,-0.07346117,0.51946983,1.519129987,-1.487333733,0.831819194,-0.295537498,1.073346494,0.508643655,0.363037842,0.452511466,1.257868569,0.430781738,-1.673260199,-0.388895421,0.618714984,0.745971839,-0.825453088,1.216140965,0.677688747,0.140942917
-0.365138599,1.599773537,-0.456941911,0.862622446,0.059519253,0.442349032,0.466502836,-1.439773336,0.046482692,-1.312559862,-0.125481068,0.462344889,0.792628355,-1.717680111,2.118707551,-0.63566236,0.955687345,0.517589992,-1.999729147,-0.283385427,-0.083859166,-0.259924049,0.180404145,0.681073077,0.398854753
-0.353319425,1.111255952,0.911127744,0.799244909,0.771405437,2.93867327,1.697316335,1.218411702,1.433946228,1.645274195,0.534675243,-0.041341191,-0.243021683,-0.699690866,-2.5042123,-0.183487557,1.20065697,0.540183207,-0.202103889,0.892606052,0.454713627,-1.144342925,1.251024997,-0.572453276,-1.273200524
1.198438831,0.461303973,1.050155507,1.40373917,0.216047161,0.757842084,0.403165121,-0.77795679,0.03072915,-0.957014972,-1.568542287,0.704183104,1.165066916,-0.697165887,-1.01156486,-0.017119718,0.747875786,-0.147791235,0.299317623,-0.796554253,1.233423318,0.713817659,-0.522238017,-1.021710045,0.214842976
-1.733709436,-1.604715078,-1.428031719,-0.683860211,-2.046093829,-1.49972006,0.482698368,-1.112501985,0.386180194,-1.182156453,-0.720608676,-1.315953362,1.91450603,0.56651412,0.038413328,0.864917973,1.614426985,0.478316664,0.201900088,-0.399691947,-0.311578427,-0.30737898,2.485881338,0.213713107,-0.71658323
-0.030034775,0.176544142,-0.075565146,-0.338895687,0.564622843,0.001113481,0.61785574,1.757486999,-0.197086679,1.480603032,0.361551716,-0.888006142,-0.497651608,-0.774655616,1.280498545,-0.607684759,1.431308187,-0.260922634,-0.15742281,-0.302077942,0.601836342,-1.449436602,0.240849541,-1.312462646,0.123915181
-0.974602199,-0.05992113,0.380288955,1.306221021,0.799192817,-0.749027284,1.492074613,-0.982811463,-1.055404755,0.421494008,-0.244777735,0.158208726,1.260908089,0.468113962,-0.17561832,0.870410605,1.241301155,-0.422505441,1.487714941,-0.538395858,0.265557281,-0.559028979,1.146794162,1.284270596,0.723079003
0.136285944,0.737920948,0.011344692,-0.139914062,0.011458579,1.897416095,0.064596452,-0.43724883,-1.006444812,1.353869231,0.575134804,0.104275548,-0.71021022,0.407209637,-1.796759803,0.764734473,0.317328808,-0.266761493,0.13621454,-1.934178574,-0.641301494,0.101202565,-0.362008859,0.157408764,-0.176259021
-0.117442002,1.319153177,-0.665345444,0.966295057,0.313788327,1.243890891,0.175471344,0.148482216,1.235798768,0.693730769,0.929582496,0.483101208,0.625574891,0.790924105,-0.512900929,0.599901838,-1.446277543,-0.998107221,-0.104796265,-0.024667067,1.258098999,-0.446090454,0.499414533,-0.696811576,0.913415416
-0.335321034,-0.313578294,0.16975756,-0.127345321,0.092775409,-0.796267017,-0.119889953,-0.590830887,0.660049622,-0.016734224,-0.229244343,0.42859597,0.512810351,1.332430535,-1.202743303,0.016957923,-0.132430541,-0.336654114,-0.777706127,-0.115007154,0.711187796,0.399815886,0.543463481,-1.054501407,0.790813984
0.730176902,0.883899475,-0.46558444,0.407011908,0.302361778,0.263851804,0.979653818,1.297934449,2.285726482,1.054847484,2.447812092,2.80390417,-2.291508589,-2.020577688,-1.766419203,-0.903768733,-0.242121255,-1.326251847,-1.746710687,1.078182764,-0.434549932,0.57403635,-0.928833674,-0.633056666,0.907830095
-0.149167965,-0.355729137,-0.961417301,0.011207127,-0.082641786,-0.205176489,-2.257868265,-0.435322625,-1.183782183,0.09483163,-1.408292434,-0.19874613,-0.453537352,-0.663032962,2.215012105,2.955967674,0.326238399,0.946235996,0.329231936,-1.285944416,1.103593777,2.401700276,-0.95844337,-1.561931068,0.40310994
-0.251143242,-1.419108041,-2.509622234,-0.19815879,-0.079900569,-0.48193892,0.794543674,-0.174632055,0.309169549,0.588549775,1.26471076,-0.899845569,-0.875246088,2.858946704,-0.092534944,-0.668549054,0.189617674,0.439227345,0.2454179,-0.639407324,-0.83141965,1.150644201,-0.204502556,0.49477907,1.10076689
-1.746109569,-2.584875175,-3.490122603,-1.317982864,-2.298656279,-3.117031699,-2.041859469,-1.275032299,-2.447003888,-1.227681264,-0.223642243,-0.594710314,-1.279540749,1.232872927,0.480139156,1.117408176,1.734806837,-0.063812546,-1.059330535,1.203491226,-0.028934263,-1.636370344,1.105332544,-0.802846591,0.385095304
-0.589199559,1.19907512,0.947194049,1.170175829,-0.282784607,1.462484675,-0.352011861,-1.093191981,-1.235424059,1.265306901,-0.798952647,-1.203345604,0.927816916,0.338436605,0.052772719,0.43593983,-0.544715084,0.169804302,-0.04437236,0.293288861,-0.429223835,-0.360232485,-1.831427644,0.399671762,-1.667260366
0.7878914,-0.996172199,0.165148699,-0.940062057,0.625957446,0.263154659,-1.919355485,-0.163880898,-0.60369285,-0.878494251,-0.956694382,0.065408712,2.343734821,0.510673911,0.255494089,0.425556454,1.200987278,0.283187421,-0.143851434,0.549379686,0.751311989,-0.266641292,-0.36284922,0.537545717,-0.792070657
0.393235788,1.490129659,0.115619423,-0.692544461,0.176178717,-0.388262774,0.564931456,-0.057615766,0.601049571,-1.147584093,0.213048338,0.092256817,-0.454208086,-0.273476964,-0.97889776,-0.055656186,0.062494631,0.807202822,-0.624500524,0.453433623,-0.479683356,0.575070922,1.309872623,0.965997232,-0.211257067
-1.428806395,-1.253789473,-2.342362909,-1.230809731,-1.468054349,-1.706204391,-0.269616554,-0.023304639,1.825130657,-1.065324253,0.906840367,0.73843232,0.846518943,-1.662593958,-0.2017932,-0.381415829,-0.694001206,-0.31913314,-0.793310713,0.457871647,0.758483117,-0.933586071,-1.232129393,0.251847597,-0.087223049
-1.482916509,-1.00837868,-1.957778679,-1.491568143,-1.109399707,-0.154476454,-1.683131051,0.540431228,-0.921617872,-2.152172479,0.212802618,-2.231119296,1.850944989,-0.180313991,0.818294134,0.899132192,-0.454159145,1.086322672,0.405081671,1.821049995,0.594460143,-0.531252164,1.253900663,1.125234371,0.357738759
-0.901873249,-0.511479233,-0.772946201,-1.428847441,-0.537009518,-2.096447573,0.174560236,-0.093746875,-0.726518973,-0.342371733,-1.13013427,-1.903765465,0.542951209,0.254789843,1.632224459,0.640594716,-1.175730888,-0.279233878,-0.225811702,0.091540658,-0.375249147,-1.244411876,-1.127792977,1.386110435,-0.806951875
-0.360112351,-0.372241627,0.119737294,1.587795141,0.185429367,-0.390116974,-0.433113278,1.090699726,-0.617065431,-0.034704203,0.534337344,-1.113699483,-0.132511605,-0.754003735,0.742962226,2.300158054,0.32728948,0.623084714,-0.590993591,-1.011343277,1.829717591,-0.602265723,-0.916541614,0.25821517,2.008708705
-0.075625854,-0.624631628,0.678142835,0.140532404,0.015627051,0.775574977,-0.099571571,1.43127634,-0.196205393,0.968673352,-1.410573454,1.872368888,-0.514463434,-0.81996669,-1.390504506,0.670395695,-0.350264631,0.640230741,-0.861672026,0.638797486,-0.74523465,-0.564965547,-0.147221778,0.318526575,-0.102458309
2.972846904,1.310690598,2.80871157,2.491702117,3.632548679,2.247235344,1.007591526,1.956092263,2.74944313,0.837253523,0.71086494,-0.114361247,-0.215052818,1.604002468,0.190823364,-0.234561317,-1.442055499,0.277199851,-0.129985066,-0.566551674,-1.409014086,-0.313005813,1.873459068,-0.557473799,-0.007687796
2.321835432,2.664463748,2.660599877,3.590685181,3.75018027,2.256334157,1.98531114,1.892804241,1.948662648,2.022185484,2.541145732,1.927783436,-0.232627218,-1.246339601,-0.591957653,-0.501848823,-2.708346475,0.304063339,0.924483569,-0.109936976,0.856099137,-1.186512737,-0.640007196,-0.987624701,-0.670749107
-1.308523147,-0.011703646,-1.925294129,-0.494888328,0.089052424,0.187487762,0.108574008,0.80367595,1.749866495,0.84237333,-0.400753255,0.258592793,0.270581114,0.105264706,-0.707292202,1.510540588,0.24439651,0.118157198,0.206640074,0.370181002,-2.149407941,0.982025739,-1.732962788,1.282074509,-1.00337676
-0.487660636,-0.879201644,-1.0088638,1.501916501,-0.342975666,0.317841674,-2.120391773,-1.332313607,-1.481015919,-1.266384958,-2.637230288,-1.481903755,0.73105511,0.564620999,0.510225729,-0.527045566,0.189983778,1.460490374,-0.237122022,-0.821354315,1.491816826,0.472213863,-1.401936047,0.605743712,-0.126303171
-1.471194118,-0.167320545,-0.696536236,-1.328548502,-1.377576702,-0.374726274,-1.654686062,-1.882149279,-1.676048559,-2.165534822,-1.486971344,-1.712659395,0.700133587,1.276729747,1.261274664,0.581756729,0.103892074,2.207978155,0.308490425,-0.510294748,0.101753877,-1.448829773,0.93194819,0.686829056,0.027550724
-0.956002169,-1.439855742,-0.246280117,-0.118468521,1.181624961,-0.123212269,0.382624073,-1.917601939,0.51863421,1.133459572,1.10357417,1.321471044,-1.527358084,-0.523253501,-0.051351359,-1.810123957,-0.961334944,-1.103546139,1.364385015,0.475848571,-1.426985075,0.025972939,-1.354740285,-0.590709607,-0.086904096
-1.168004233,-1.198829252,-1.700622009,-1.616773139,-0.80143324,-1.253382315,0.88478081,0.252424682,-0.788490045,-1.660322755,-0.081974969,0.138268599,1.092474133,1.406812507,0.716748384,0.787425841,0.069811736,-0.258384944,0.490414035,-0.548644971,-0.948464502,-1.56525488,1.187964575,1.623921504,1.655155943
0.639903668,0.428790281,-0.394248532,0.72543097,-0.879439505,-0.233055696,-0.84806494,0.27036095,-0.185046485,0.318678966,-1.556359993,0.389843388,-1.010787567,0.544581015,-0.631280874,0.908731417,0.568371878,-1.200755598,0.260200982,0.973385316,-1.634088676,1.342255726,0.069790821,-0.228613925,-0.126309351
-0.192323227,-0.291598622,1.659357172,0.438194251,-0.345725495,-1.147316951,-0.373873962,0.5980937,-0.677100595,-0.258004819,-1.534261077,0.998591741,0.771680958,-0.944214057,2.007782719,-0.681806167,-0.082750806,1.169263592,0.638529504,-0.986157598,0.382882953,1.614108373,-0.032271227,-0.801840713,-0.085929274
-1.026958214,-1.782748762,-1.527032081,-1.569004969,-1.885527959,-0.165052374,0.798085671,-0.300783769,-0.581701245,0.463158958,-0.118247982,-0.739549785,0.729439795,-0.047476789,-1.687079446,1.340848826,-1.020396884,-1.30840223,-0.158013737,-0.989524376,-1.326914171,-0.055737294,0.297304246,-0.573674125,0.815295478
-0.571574046,0.533404806,1.023932833,0.378129941,1.819034005,2.301194039,2.521012239,1.408983271,0.885513703,0.826176892,-0.158474174,1.751973413,-1.399481975,-0.528026569,0.14697302,-1.020085074,-0.42540554,-1.974951187,0.184067821,1.906055866,0.502089031,-0.852645167,-0.800920336,1.571191617,-0.171065829
0.230948003,-2.368663038,-1.081673024,0.941021759,0.414631696,-0.274612253,-0.40297777,-0.729731424,-0.257304028,0.448496729,0.557332929,1.207256785,-0.60198771,-0.251315908,0.275120118,-0.363188297,0.886025722,-1.042620411,-0.488955424,-1.530226442,-0.304824151,-0.664269328,0.137871921,-1.111047626,0.539339069
1.040707096,0.211831222,1.903233491,1.241948486,1.106907046,1.237761069,-0.632718402,-0.998604038,0.238353862,-0.231371949,0.161867576,0.751686188,1.964849289,0.513889315,0.634171247,0.163131517,0.091763025,-1.508958617,-1.550553321,-0.026716529,-0.47536414,-0.453742082,-1.193072997,-0.75112251,-1.279044738
-1.504208526,-0.212591376,-0.349465123,0.052291071,-1.037611585,-0.116170873,0.207036752,-2.221678188,0.124996155,1.067369615,-0.533192212,-0.248662526,0.290944799,0.933731484,-0.275054503,1.79725554,0.424060002,0.60742104,0.342835852,1.851483848,0.509345967,-0.106827236,1.34889093,2.898509319,-1.271144521
-0.321203742,-0.89319367,0.148059009,-0.501353608,-0.966743253,1.010429034,-1.142349994,-0.765465139,-0.803629669,-0.649223321,0.891272827,-1.022985984,-0.512053277,1.051126805,1.638416356,-0.186239006,0.29303697,-0.38994935,0.346680084,-0.028591448,0.62351133,1.370469647,-1.02729523,0.941037736,0.122058564
-0.957741087,-1.433740571,-0.065485441,-0.701680808,-2.682886782,0.082403702,-1.06510367,-1.076403429,-1.123097556,1.254446851,0.082140445,-1.159106777,0.890999084,0.47523159,0.073025155,0.432330181,-0.630489661,-1.351046853,-0.287712958,1.346770669,1.145802872,0.95560181,0.438880635,-0.733055845,-0.231617586
-0.489051265,-1.443294459,-0.014941335,0.530735422,-0.754130492,-0.996088454,0.434946386,-0.540728223,0.316364962,0.45855639,1.256998618,-0.45895864,-0.676583792,0.09589783,-1.048769552,0.716177872,-0.811783782,-0.018862095,1.035821069,0.652474864,-0.633778336,0.971004504,-1.034750302,-1.081447359,-0.809024782
1.978629478,0.506610838,1.502925818,1.261655682,1.172755178,1.493073917,2.147976321,1.115423882,0.401800482,0.849465225,1.613463855,0.051508182,-2.34724709,-2.554861773,-1.604104819,-0.107152322,-2.11444413,-0.603374644,-0.721603321,-0.007201884,-0.029809463,0.170578271,-0.533204586,-1.672697193,0.121851734
0.489762052,0.484447369,0.874319384,-0.516197634,-1.077814302,-0.032573326,-1.054279758,-0.302900922,0.098385235,-0.064747723,-0.068782334,0.370600791,0.422196511,0.654507284,0.066638479,0.499264847,1.01750717,-1.72840087,-1.771384412,-0.130645261,-0.635327133,-1.153611724,-0.373832034,0.097114146,0.209100094
0.790464937,1.424391604,1.435967121,0.073193535,1.178441512,0.590758071,2.243623209,-0.248088139,1.903447564,1.449649082,0.804759054,0.775953351,-1.168914863,0.095559857,-1.7808282,0.341391371,0.07224993,-0.986289885,-0.697115846,-2.119317414,0.162987476,-0.77005671,2.981347981,0.728020354,-0.709896877
-0.35757152,-0.679955142,-1.371292235,0.663704249,0.901744438,1.63019919,-1.594302582,1.05730301,-2.170747846,-1.605883114,-1.358725778,-0.739058579,0.463822967,-0.71153169,1.795208845,-0.324496993,0.248991615,0.107578583,-1.540939303,-0.31911166,-0.778289685,0.060721263,-0.014446087,1.51879821,-0.518795824
-1.358361152,-1.698105393,-0.884060368,-0.65423954,-1.321505514,-0.00314472,-0.746705504,-1.072087664,0.80683475,-0.916747598,-0.461691722,-0.62592892,-0.316690716,0.667254369,1.358759471,1.933732126,0.680754808,0.093589372,0.338036355,0.232218506,-0.424096731,-1.201100097,-0.821529797,-1.893983581,0.216616549
-1.213869276,-1.87670843,-2.291102718,-1.112208273,-0.798141471,-2.466776779,0.492988008,-1.7799237,-0.920880158,-0.852318643,-1.412045505,-1.760027751,0.974274642,0.9209355,1.981950756,0.237756408,0.643367323,0.041255962,-0.75207787,0.23166291,-0.41900051,0.303982951,-0.444555612,-1.325381503,-1.021078451
-1.561223502,-1.538580171,0.032144496,-0.141575702,-1.228657662,-0.763284387,-0.178787444,-1.024672639,-0.105249114,-0.178851953,1.010965504,-1.381615749,0.418977615,1.307951481,1.803110263,0.03436574,-0.407262539,1.315187403,0.984689192,2.465858757,0.293360944,0.805123521,-1.504672552,-0.119550578,-0.604032867
1.744233504,-0.192793102,1.616457662,1.214157208,1.208661965,0.748149208,0.607963873,0.71365974,0.220993687,1.158357041,0.226842356,0.666469938,-3.075252136,-0.285693107,-1.061680225,0.467898545,-1.037700503,1.186925907,0.963798803,0.280958066,0.002954967,0.545345392,-0.162785921,2.787670056,0.533935141
-1.428521818,-1.039418765,-2.225418047,0.24396701,-0.958251359,-1.066357307,-0.299758493,-1.05916684,0.060672045,-0.568512124,-0.727903961,-1.569060387,0.631296624,0.576926964,-0.494911179,-0.280024842,-0.139302472,0.0055167,-0.924974093,0.630145321,0.506301606,0.505189473,1.851086664,0.885902502,-0.02383603
0.862080256,1.109989367,0.882155573,1.349764311,1.499672692,0.511458683,-0.126624245,1.127406659,-0.086215472,0.101236061,-0.174151663,-0.727783292,-0.554229417,0.558623864,-2.703466635,-0.00522085,1.966810394,-1.483164601,-0.808106863,1.164963167,-0.106996582,-1.86628265,0.336039531,0.372799774,-0.477202844
-2.232186431,-1.365044985,-1.650967179,-0.767528248,-1.729522663,-1.093244538,-0.270814524,-0.78147838,-1.04896348,0.619639052,-1.097137234,0.727371041,1.59107039,0.040138494,-0.0495862,-0.334526649,1.23420635,0.104899724,0.534439653,0.540501312,-0.579752667,1.333355797,0.90340095,-1.224923591,-0.903069319
-0.584189199,0.497501557,0.113670382,0.929538546,-0.058749796,-0.82527498,1.127572748,2.878478542,0.812363828,1.66073509,3.148046421,-0.00179996,0.02963651,0.044752343,1.263037016,1.941261679,-0.174956498,-0.151186761,0.979839781,-0.086049067,0.191282897,-1.56738533,-0.90994364,-2.119985299,-1.013211352
1.766468629,-0.541020505,1.055794081,0.5299477,-0.616984894,-1.338414762,1.552872621,0.453333156,0.592674437,3.035981004,0.447696468,2.540497422,0.545809221,-0.693734713,-0.87979843,1.943056227,1.094653009,-0.182683528,-2.012620612,-0.081187351,-0.917183943,-0.152749214,-0.203342169,0.038849686,-0.131755481
-1.506721132,-0.406479756,0.672068281,-0.158996596,-1.124836221,-1.6533135,-1.403422188,0.144145385,0.137269975,-0.175951552,-0.477338253,0.027219676,-0.584663457,1.054090301,-0.134105631,-0.044393619,1.170542684,0.604445271,0.28167087,-0.350654482,0.569157816,0.618543544,0.203902635,-0.099369489,2.025812523
-1.21028537,-1.775648526,-1.263893261,-0.993386115,-0.752345798,-2.345536212,-1.010624595,0.71955195,-0.002242128,0.665945084,-0.713644774,0.689171326,-0.696794092,-1.434473119,-0.48484634,0.48213834,-1.228204993,2.004985209,-2.197590593,0.444211029,-0.285465188,0.358597526,-0.72530683,-0.267807521,0.565786642
1.199734435,-0.164174387,-0.081585028,-0.960615214,-1.655265571,-0.590527565,-1.904320094,0.309148526,-0.740611706,-1.32387276,-0.671846409,0.031351962,0.206091295,0.96423915,0.566671332,0.233855518,0.02860774,-1.312633078,-0.54851611,-0.170320721,0.20451941,-1.277836327,0.400006737,-0.380433668,-1.332864243
1.065646113,0.392668443,1.412480334,-0.293725211,1.558749158,0.691885469,-0.535274653,0.627781746,-1.092017844,0.703361228,-0.573420051,0.037105662,-0.480679785,-0.140187205,1.001350945,-0.46986481,-0.170817228,-0.612496971,1.093656808,0.624936391,0.220024005,-1.098325623,0.615428415,-0.74835402,0.707216167
-1.822483287,-1.319496658,0.85789502,-1.798644257,-0.449412156,-1.634005951,-1.545789461,-0.476891954,-0.899479427,-0.844323321,-1.197047136,1.166875055,1.363452365,1.028092816,-1.226045338,0.266912567,0.709619372,1.546273078,3.009770133,-1.00908731,1.601545484,0.287071622,0.542848051,-0.977642127,-0.758886608
-2.817560523,-4.119717982,-1.170072075,-1.937450208,-2.417016137,-2.764700584,-1.495742132,-0.912351164,-1.299428433,-0.520188978,-1.268399678,-1.827739478,0.290974864,-0.273527916,-0.784036366,0.392420726,0.227368547,-0.040878987,-0.238823834,0.146848458,0.381583702,0.510845014,-0.151083277,1.389507798,-0.004857377
-1.174039984,0.261050814,-0.455666357,-0.860308746,-1.234357684,-1.307406515,-1.54380557,-2.709932437,-0.211188901,-0.827186377,-0.084189695,-0.735344877,-0.655061424,0.528263372,1.785236186,-0.921322516,0.358600147,1.157822306,-1.247115878,1.552067321,0.073218953,-1.107203845,1.090911301,-0.886528297,-0.588860604
0.478192796,0.607254486,0.684159774,-0.716991109,1.781728337,-0.476978639,0.758883783,-0.665449545,0.064079882,-0.114634385,0.37409781,-1.223760888,-0.805228594,-0.00583869,0.599354416,0.176315218,-0.475619716,0.507404856,-0.513492174,-0.224623497,-0.69237082,0.392592639,-0.257617439,-0.276148059,2.022754813
2.972827783,1.690153422,2.995403582,2.915389433,3.861925118,2.387500454,-0.409745767,1.359898583,1.1098201,0.232755731,0.452733053,-1.009335069,0.315864036,-0.162186736,-0.786124445,-0.590745525,0.391359707,0.560509931,0.066069688,1.843001627,0.802385155,-1.51527348,-0.348820788,-0.039078106,-1.134107912
-0.562466553,0.746154603,0.405194674,0.319591676,0.301725284,-0.056659684,-0.968461846,0.887413009,0.123855142,-0.545762958,0.175247573,-0.436952949,-0.206528675,-0.99880282,1.480377421,0.224983346,-1.355003463,1.666008705,-0.67024124,0.163671447,-0.27020552,0.624389257,1.441539007,0.706280335,0.313612256
-0.525161553,-0.206072064,1.753284665,1.016086669,0.230350338,0.646199154,0.289832558,0.005230751,0.404772454,-0.152108642,-0.228101007,1.670410416,-0.157117177,0.614116993,-1.187002584,-0.028242586,-0.34309588,0.341288851,-0.924823676,-0.056508192,-1.525480146,-0.883841822,-1.1069663,-0.851830341,-0.685323804
-0.460099882,-0.165717254,-0.413278047,1.658246293,-0.336124037,-0.593635055,1.711995084,1.722465629,0.135014003,1.588540208,-0.148878344,0.13075041,0.854129663,-1.761343864,0.738052993,-0.424344576,-1.759347544,-1.671285956,-0.426850006,0.116618502,-0.195088222,0.080513458,-1.702968921,0.978068022,0.738828079
1.49072693,1.049976084,2.492466407,1.968624791,1.727375019,1.358089564,0.010402728,-0.217344747,-1.371893547,0.506244573,-0.67257733,1.795048101,-1.28038748,-1.058158461,-0.518514908,0.330318445,-1.383776108,-1.087467068,0.395577266,-0.311423244,0.191489794,-0.087397692,-0.867816316,-0.579666362,0.29345382
2.05443549,0.968611751,0.47152119,0.043441006,0.060486131,0.157146887,0.372949122,-0.202858318,0.222322761,-0.689661993,-0.917291504,2.178813621,-2.088442544,-1.483240882,0.469105577,0.403037088,0.208675844,1.890663704,-0.169408939,-1.980556071,-0.818505698,1.160657328,0.387241927,-0.161897169,1.254552646
-0.306361985,-0.206339364,-0.716786063,0.878571597,0.334621046,1.000192046,0.625177695,-0.869903622,-0.790993778,0.459109149,-1.06904582,2.073894663,-0.623755451,0.889221991,-2.00461237,1.400267101,0.446363392,-1.128953498,-0.8816028,0.880174858,-0.118180305,0.242130029,1.283591014,1.643098586,0.718117795
-0.083040948,-0.172948588,0.508439119,0.656654619,2.007424461,0.53396797,1.469387984,-0.231202224,-0.160295377,-0.034894006,1.491337984,2.342562113,-0.169320869,-0.027083349,-0.621834072,0.05805574,-0.669073571,0.059924864,-0.6700625,2.192713164,-0.071482837,-0.599101855,-0.660518508,-0.969227713,-0.693533869
-0.738081604,0.960582226,-0.298308258,-0.068320323,0.040063083,0.89979616,0.54964132,0.71707436,-0.294246467,0.819893977,-0.172715819,2.192450668,-0.374625122,0.260370029,0.513052291,-0.32791065,0.861521878,-2.413123055,-0.41385855,0.48042927,-0.055907894,0.359592706,1.81483752,0.720904712,2.916202578
1.525304239,0.914484753,1.481828799,0.40244497,0.2626294,0.184368178,-0.303238312,0.436960847,0.306579009,0.661941682,-0.102364574,0.468143717,-1.941901255,0.788355859,-0.594511794,0.017577076,0.681124001,-1.753619061,-0.999426398,0.541320961,1.23464187,2.142413239,0.027197354,1.004610868,0.555426134
0.602888796,0.523280201,0.70237016,0.285729964,-0.390884043,0.596870037,0.355730457,0.486648766,-0.995093531,0.492030133,-0.342496183,0.162245236,0.850321525,-0.348479555,1.065635942,-1.846683896,-0.126436655,0.7341115,-0.707144996,-0.182592686,-1.311557861,0.740122921,-0.115529547,0.309897802,-0.550661949
-0.838433305,0.353084697,-0.932783541,-0.299606652,-0.070925075,-0.598181656,-1.573085426,-0.768634424,-1.020586595,1.158791847,0.641582571,-0.165805488,0.575711413,0.977191274,1.528188668,2.321876061,0.653953732,0.460928989,0.643636001,1.157789099,2.033802459,-0.059167014,-0.849938141,-0.117530822,0.205540393
-1.737699487,-1.966292825,-0.362346864,-0.862530505,-2.036274165,-2.385137373,-0.921707922,-0.440945737,0.924133009,-1.095928491,-1.18070889,-0.391530831,0.828968945,0.538275832,-0.383851543,0.725797849,0.071565722,0.140058077,-0.230320961,-0.039271618,-0.03283532,-0.833612971,1.951355169,2.125704035,0.630833627
0.587810339,0.830328185,1.999043568,1.56471225,1.366395421,1.130809784,1.90477786,-1.163621308,-0.67426577,1.207210166,0.923529944,0.815248271,-0.200175542,-0.655435875,0.16376861,1.388185528,-0.013625827,-1.310745198,-1.753486959,0.267220098,0.580211234,-0.616491501,-0.150288878,-0.013845394,0.592794479
1.909953972,1.917321964,2.87757716,3.057217619,0.473408192,2.98773133,2.429474593,1.642572529,1.167075975,2.393431131,1.264584597,1.962135991,-1.771954824,0.572680247,-1.496679394,-1.385693556,-1.677937434,-2.400171288,1.024948699,-1.565216467,0.127836267,0.679992922,-1.331988026,0.2040775,0.496028098
1.70964384,-1.459671817,-0.125915118,0.20211494,0.214048985,-0.943320218,0.654231024,0.366384266,-0.708993931,-0.264471417,0.340106831,-0.113576147,0.335422749,1.936523152,0.111445622,-0.94304912,1.679083053,0.686897022,0.41671982,-0.52934187,-1.726023572,-0.885802572,2.457668669,-0.336526774,0.966482154
0.651007527,0.403683508,0.211059421,0.556080416,-0.557264431,0.142267986,-1.903822471,-1.19932032,-0.902763086,-0.897762352,-0.056173962,-1.43485241,0.950823967,-0.254204434,0.724630987,0.463365526,1.160102299,-0.12071707,-1.383132964,0.367353148,-1.056577655,0.002688761,0.393670094,0.151081857,0.86817101
-0.149351226,-0.646393435,0.448060522,-0.309282614,-0.044886896,-1.063783555,-0.102948126,0.835081271,0.755963528,0.679930765,0.972630372,1.233116151,0.514773705,0.23884213,-1.26326014,-0.185224234,-1.590539221,-1.881184159,-0.365379006,0.907211735,-0.52427588,1.437618912,0.798830451,0.964117979,-0.847566166
-1.957884387,-0.817548327,-1.892259037,-2.237250008,-1.712880185,-2.5535736,-0.376788852,-0.018409195,-0.638676992,0.476785792,0.874831316,-0.388121397,1.036602981,0.67467121,1.095699556,0.691886286,-0.322650639,0.414636214,-0.792098829,0.934939742,0.993719818,0.150392393,1.681560221,-0.275305341,2.108054104
-2.255412368,-0.837864812,-1.150317641,-1.675282388,0.040929415,-1.838301554,0.159439939,1.80504926,0.793225138,-0.893520718,0.280515387,-0.195498358,0.774971149,0.611155637,-0.141665715,0.48039804,0.692278344,0.836277671,0.676905709,-1.579180915,-1.384321136,-1.079131791,0.614462582,-2.108530461,1.968887818
-0.282251997,-0.521608028,-0.964277721,-1.357398293,-0.703902416,-1.170006555,-1.217040694,-1.056149139,0.99428681,0.314500476,1.328528718,-0.275531462,-1.788843516,-0.002704422,-0.747792153,-0.790469823,-0.529590371,-0.405770699,-0.371652226,-1.477779775,-0.855737427,2.177847853,0.974889357,0.513570183,0.800964895
-0.41197389,-2.12670851,-2.017265261,-2.842169637,0.537614438,-1.225676804,-0.719504378,-0.22842546,0.205288703,-1.707266443,-0.472329764,-0.826459449,0.124670606,-0.161658399,0.774097678,-1.198708422,0.628251387,0.242505208,-0.072773334,0.584137101,0.16485084,1.762448298,0.054325072,-1.078334441,0.038696718
-0.903125441,-0.63109624,-0.457958065,-1.31002353,-0.132992894,-0.723068455,2.03447968,-0.394874372,1.403199878,1.63160993,-0.915668122,1.475814847,-0.859124261,-3.224689851,-0.750582996,0.256628154,-0.321664059,0.036106787,-0.18919442,-0.746808388,0.472856448,0.501176558,0.733732287,0.741876442,0.055885883
0.647142373,-1.145808035,-0.593583283,0.938799207,0.806196327,-1.499107595,-0.11341138,-0.928314303,-1.626897203,-0.017420072,0.088441929,-0.595852184,1.211156108,1.438533407,-0.740946908,-1.097127786,1.429535597,-0.578910313,-1.48013453,0.894592606,0.442720877,1.275755411,-0.034157815,-0.001324732,-0.323764395
0.977299597,0.933821465,0.779555269,1.237919552,0.804870738,0.492009734,-0.139047563,-0.089754087,-0.531660566,1.301118694,0.008232087,0.661331995,0.899190451,-0.743410421,0.818889344,-1.35745676,-0.110674799,-0.06931744,1.405396168,-1.630168209,-0.984005114,-0.266979681,-0.020210086,0.943109103,-0.194384225
1.65854338,-0.658986929,1.350311538,0.795079937,1.336600116,1.453791684,-0.41010386,0.275159704,0.852126153,1.023284442,0.482481523,0.629932057,-1.348094581,-0.710020082,-0.394917215,-0.83518727,1.685880966,0.169076587,0.662330057,-0.098409944,-1.59799136,0.724454478,0.119716757,-0.948343768,-2.186784415
-0.317531612,-1.695303564,0.414720487,-0.240819497,0.374303329,-1.558363168,-1.201318707,0.186726133,0.932330638,-0.067228022,-0.028817257,0.11656871,-0.073085083,-0.229968327,-1.340412263,0.355888369,0.51070305,0.899474589,-0.747383601,-0.034236817,0.539059643,-0.423539805,-0.396815146,-0.535221204,1.530263453
0.393202116,1.417829232,-0.110523542,-0.938999369,1.204773987,0.259694754,-0.792667166,0.534113588,1.741649839,-0.427575769,-1.546126411,0.385787209,-0.001720078,-0.930801632,0.544698663,1.563604736,-1.439842482,0.486277827,0.191861921,0.480467097,1.433123942,-1.35541503,0.504377835,-0.340036026,1.177453642
-1.870309014,-0.877355673,-1.406564216,-0.942572268,-0.755900596,-0.934512735,-2.579135694,-1.571291054,-0.242971266,-0.948597519,-2.806472371,-2.249540303,1.528272367,0.933776363,0.351619126,1.598893608,2.59540716,0.109972007,0.974117915,-1.031159996,-0.345301615,2.591922611,0.501845175,-1.482282203,-1.676686792
-0.737112744,-0.893322185,-1.201772322,0.330158898,-0.873911424,-1.214660491,-0.200737998,0.487006584,0.497497359,-0.290230971,1.135873366,0.02284764,-1.491004984,-0.022829751,-1.245660565,1.306947269,1.0058625,0.589642737,0.055741013,-1.966764061,-1.144686484,-1.406538067,0.8189166,1.111420209,0.889987915
-0.648417264,-1.961512758,-1.902590706,-1.370792226,-1.399037636,-1.023811968,-0.307483955,-0.893444671,1.604769354,0.374431291,-1.131464102,0.088024013,-1.693529488,-0.349751786,-1.961452915,0.883426113,0.637263457,0.714050379,1.556754187,0.171272762,-0.429880322,0.297558131,0.639606515,-1.625422916,-0.007714608
-1.106339321,-1.538428425,-1.171164695,-2.054230132,0.128008477,-1.866082697,-1.682538771,-0.944964453,-0.780179591,-1.651368305,-0.041264947,-0.019819448,0.460918231,0.560956386,1.239657438,0.756752918,1.008554682,-0.212153342,2.917850842,0.526430273,0.394062573,0.285876685,2.000043052,1.097313618,-0.199046139
-0.567108182,-0.746797412,-1.044251941,-1.20736963,0.112519208,-0.230577049,0.554146091,0.735529235,0.182714979,2.146181352,-0.934163631,-0.720933321,-1.970921812,0.277611305,-0.466572931,2.562564612,-0.76278876,-0.110528135,-0.126121736,1.007454963,-0.233143157,0.516005584,1.05262974,0.424398479,0.492841509
-0.714248491,-0.159920811,0.537207164,1.057249917,-0.346843626,0.372153971,1.20622849,0.150533917,0.108337964,1.041144146,-0.932245805,-1.333549426,0.259658373,0.951997918,-1.00251709,-1.073626848,-1.506995295,0.728666997,-0.582529743,-0.358551653,1.407193642,-0.089684266,-0.20725189,-0.198867332,-1.742787189
1.373690889,1.948632524,1.02898146,0.982619379,0.230827906,0.830396189,2.393142388,1.276693383,-0.048695195,0.556104562,1.305944452,0.272803901,0.212421106,-1.526910399,0.254896658,-0.692473175,-0.358140627,0.918651448,-0.989409252,0.775681641,0.924970719,-0.079249843,0.453071504,0.345116149,-0.011249182
-0.498257473,-0.871536266,-1.525606225,-1.796696047,-1.411063817,0.110650044,-0.114779832,-0.500208888,-0.712139912,0.758519133,-0.85675451,0.407334375,1.576709369,-0.260612938,1.189449888,0.162575659,1.705130756,-1.166267257,-2.213574623,0.485773775,0.184338066,0.138411733,1.412698114,0.317733288,0.079481177
-1.495980539,-0.550357101,0.376222773,1.181324415,0.027877992,-0.841409264,-0.201851239,0.345439251,-1.521061176,-0.718895692,0.403780285,0.134592274,-0.571032449,0.642046827,-0.719113721,0.793480297,0.345416937,1.465334092,1.248145051,1.322405078,-1.9543229,0.479868481,-0.949973189,-0.400427912,0.080448965
-0.59648909,-1.469855799,0.279831032,-1.368834585,-1.125584464,-0.891870282,0.153843353,-0.750111892,-0.923636436,-0.298793933,-0.485132936,-1.132036208,0.314522783,-0.406309347,0.990835895,-0.71143978,1.707713649,1.21720301,-0.35349381,-0.055387916,-0.692263629,-0.001816361,2.014241793,0.298149814,-1.367489398
0.287091081,-0.68201402,-1.087378839,-0.593683037,0.201712954,0.617918612,0.047789776,-2.009704144,-1.19928251,-2.186249104,-1.27776988,-2.336247257,0.701044439,-0.698376453,1.964089212,0.80177223,1.303784288,0.293892233,0.875355747,-1.729899303,-0.548022326,-0.068361146,-0.774639434,0.731183329,0.446915964
-0.801409652,0.275608307,1.060947922,-0.635174747,0.552132511,1.523439105,-1.75349313,-1.26084228,0.759840784,1.522234655,-0.625386467,-0.628740122,-1.409113246,-0.882227086,0.861031705,0.17071961,-0.332417403,-0.5676102,1.076452171,-0.067659674,-0.746615982,-1.321109943,0.900275393,-0.9446827,1.059814996
-1.273139017,-0.749515622,-0.224722529,-1.24692785,-0.878745222,-0.990004618,0.848742615,-1.831119692,0.533410896,-1.811294858,-1.425918324,-1.049834526,0.635472615,-0.279221248,0.883610983,0.543672289,0.877040826,0.163049701,-1.08097023,0.088450748,0.190821272,2.01368247,0.00660044,0.346194952,0.407331464
1.522863059,1.210764374,1.457644297,1.235872438,2.74788026,1.489678347,-0.674335304,1.286881203,-1.030511012,-1.435811949,0.980859589,0.583838554,-0.221181245,-0.55555038,-0.185373128,0.247611405,0.90224651,-1.044598162,-0.930814195,0.518194242,0.211442081,0.535699149,-0.0509324,-2.626325096,-0.229187911
1.255006678,-0.099809151,-0.076431337,0.13212125,-1.441685551,0.438790537,-0.954189034,-2.380327921,1.265157897,-1.038976663,0.832742218,0.36119209,-0.49082471,-0.134885605,-0.345269397,1.438564661,-0.018086786,-0.10584853,1.744686889,-1.532682366,-1.674074868,0.208906761,-1.302912874,-1.9295999,2.689040603
-1.723271804,-0.08272078,-1.238166338,-0.250939657,0.025811209,-1.277446992,-0.136139051,1.1802147,0.291667183,1.289524849,-0.717347786,-0.726866866,0.370822429,-0.68212872,0.193282466,0.199291397,0.05118191,-1.083944342,-0.07006515,-0.312044815,0.804598062,-0.624467294,0.907500095,0.564526652,-0.924574786
0.118990967,-0.143737505,0.156344458,-0.542090662,-0.013300135,0.193476849,0.155897677,-0.813912501,0.08786438,0.695444312,-1.054641078,0.524017311,-0.047050451,0.77419362,0.475018029,0.555492704,0.204756025,-1.489020075,-0.660287537,0.868103572,0.016123706,-1.003614193,-1.288358185,-0.417829232,0.7734513
1.082885079,1.745923235,1.028270165,0.130175857,-0.667316245,1.473086221,-0.371445847,1.581595095,-0.801919194,0.676863303,0.277513097,1.126263632,0.617192678,1.108723909,-1.21663464,-0.747768234,-2.255590922,2.014202094,-1.045173295,-0.104085453,0.357641414,0.859986448,-1.442770233,-0.853438172,0.243273706
-1.656963811,-0.748622102,-1.467893425,-0.855844398,-0.020914159,-1.636552317,-0.015121624,-1.645188718,-0.300078476,1.093057585,0.516340068,-0.775758387,-0.386214757,-1.781186493,-0.754244392,-0.930116185,0.190588036,-0.005032979,-0.14145578,-0.305734382,0.744826335,-0.159862385,1.159703018,-0.053025474,2.01231295
-1.720550823,-1.028135806,-3.360770906,-1.460428153,-1.112241459,-1.526944839,0.24294314,-0.403372302,0.688807755,-0.301644151,-0.358087962,-0.274788379,0.583917269,-1.01865073,-0.905439303,1.967881731,1.02793001,0.562855944,1.507894421,1.906326398,-0.766969719,0.621064585,1.789605596,-0.395951655,0.386749816
-0.810881752,-0.932295698,-0.07961885,-0.294723503,-0.796164518,-0.479650276,-0.098043179,0.952092002,-0.139517048,0.075235721,0.140763314,0.005868249,-0.59050988,0.870899854,0.179996536,-0.762578332,0.098388559,-0.059330937,0.685437982,-1.070004187,1.258905689,-1.352150134,-0.667245766,-0.988607798,0.601155245
0.806912375,0.920070346,0.795024508,1.282070827,0.351725543,0.162614522,0.614446858,0.89698265,0.382397039,1.694721686,0.248892916,0.429504627,-0.92393847,1.332936791,-0.005131385,0.497300954,0.230327063,-0.824876533,0.181762346,1.23315471,-0.141793557,1.546854844,1.003109224,-1.639049012,0.505716982
1.113800675,2.207674424,2.94321456,2.275329768,1.182954545,1.617515118,1.113533351,1.102231114,1.582003101,1.179280714,1.291470286,-0.065053159,-0.7267364,-2.797376988,-1.468553712,-0.403177394,-0.920244651,-1.157471812,1.588520944,1.021249736,1.512547227,0.901377435,0.796526353,-1.968157471,-1.058322529
2.07491798,2.502953084,2.454501453,2.166858297,3.904829777,1.603932463,1.221948398,-1.019235768,-0.594428721,-0.019121789,2.683411865,0.743800025,-1.463986514,0.076997237,0.081553671,0.400587191,-2.454215315,-0.574825789,1.395775165,-0.225166462,-0.893932435,-0.081062693,-0.091518695,0.738792385,-0.868880453
-0.752098136,-0.83210865,-1.687166425,-1.562656613,-2.118954672,-0.730028378,0.717561838,-1.30450711,-0.262509136,0.219424091,-0.62681463,0.360433292,1.019157435,1.77272707,-0.641505157,-1.193745411,1.794970458,0.121660723,0.334122211,-0.032890553,1.438246607,0.467625418,1.335816882,-0.422499552,-0.275667877
-0.878675719,-0.827952906,-0.154503906,-0.119062254,-1.869436471,-0.200726428,0.922196954,1.255998571,1.272304341,0.7044567,1.469178398,1.417878582,0.633593456,-0.675586863,-0.52026709,0.90267047,-0.230461786,-0.576398278,2.776119658,-0.036458733,-0.903984024,0.74100436,-0.16362218,0.969549314,0.957382817
-0.186625491,-0.346976379,-0.850875065,0.666838314,-0.803566968,-0.442071623,-0.489260542,-1.14873426,0.070972239,-0.758848663,0.377104368,-1.42120176,-0.17639831,1.933905745,1.214678537,0.459975895,-0.043788414,0.943744615,-0.247423156,0.181947756,2.548781287,-1.33698055,0.517534145,-0.432650165,0.233096739
-0.043704919,-0.901449111,-0.356218368,-0.34421064,-1.707370604,-0.148867476,0.129520693,-0.729588512,-0.77495755,0.184336092,-0.240058544,-1.132173207,0.399149844,0.046552602,1.042681657,-0.333170752,1.428931955,0.376275678,1.098028497,-0.594541357,-0.951833763,1.677826891,-1.253769883,0.354969953,-0.206734887
0.559163665,1.267852809,0.500236629,0.598890458,-0.132341654,0.913439375,0.455348536,-0.044048121,1.044065413,-0.456123226,-1.922265021,-0.462589711,-0.803191662,0.17271163,-0.826615334,-0.336197512,0.77036867,0.243155243,-0.392996605,-0.428148226,1.05658672,0.483260998,-1.21102963,-0.125404441,1.372199801
0.465545891,1.698347137,2.19915684,1.12838608,1.682716951,1.144660393,2.845793211,-0.536651586,-0.49947224,0.679175599,0.597160357,0.818295024,-1.865930293,-1.06935875,-0.213210423,0.511044941,-0.176289497,0.212491564,0.902848436,-0.355224531,-0.362394224,-0.704102288,1.169044965,0.044446729,-1.982429761
-0.832114489,0.040705556,-1.00236675,-0.960858054,-0.119258757,-0.161718911,0.826815545,0.137655188,-1.03448448,0.109847186,-0.646032008,-0.126076362,-0.282323307,1.156105017,-0.445747173,0.913295809,0.947612094,0.101707822,-0.248387184,-0.323297701,0.715022384,-1.096591657,0.551205212,0.093036811,-1.29582013
-1.577118807,-0.373608614,-0.716241855,0.099497826,-0.764013422,-0.117714014,-0.653472347,-0.934712989,1.00603919,-0.333782949,-0.560962743,-0.064378041,0.183666108,0.97995816,0.051345674,0.113820142,-0.810538248,0.076952108,0.461368316,-0.310756231,-0.040525067,0.987097741,-0.142456876,-0.445706757,-2.496599795
-1.60179019,-0.866488523,-2.329482381,-1.070598716,-1.387751018,-2.454797647,-1.726268512,-0.70169375,-0.460063967,0.419939767,-1.854862891,-1.907749679,1.220819013,2.303789581,0.881004815,-0.273645557,0.678746224,2.085758466,2.39013591,-2.240824789,-1.091230375,0.211159197,1.907845201,-1.229621513,1.208310505
0.452184687,-0.327817731,0.887733926,0.027332962,0.010832721,-0.249999741,-0.089368883,-0.358742949,-0.112953907,0.446723146,0.77541959,0.469925969,0.19146501,1.353479704,0.561262651,-0.904757065,1.222238771,-0.792680616,0.951851801,0.097649088,-2.796830157,0.482600903,1.897315672,0.766131746,-0.096726145
-0.609657912,-1.747452037,-2.33283549,-1.219673621,-1.942722092,-2.667914953,-0.534898919,-1.590030443,-0.299902573,-0.511198607,0.584355481,-0.883764865,1.188752198,0.363610004,0.657648156,1.049572188,-0.237582593,-1.314423529,0.476841113,-0.52746778,2.507583296,0.026664555,0.439168,1.593546792,0.966291779
-1.412733193,-1.583590577,-2.161500121,-1.794731109,-2.380331972,-0.978614679,0.756461882,-0.041513953,-0.363883747,0.770537146,1.316273356,0.199918883,-0.697745755,2.982844553,0.431149906,-0.964664384,-0.713196175,0.685288631,-0.774702792,-1.866811087,0.073024226,-1.002743689,-1.455655118,1.65921541,-0.109258333
-0.810462124,-1.158958386,-0.549524113,-0.889364117,-0.597001128,1.078753439,-0.527899907,0.611978876,0.302421613,0.924841116,-0.257534008,1.519129485,-0.032127277,1.522614656,-0.663747231,0.200562233,0.37764483,-0.259513813,0.188228705,-0.350051015,-2.943530078,0.50861779,-0.111598988,-0.553269911,1.023183669
-0.448899573,0.986564823,0.677668071,0.894329968,0.172618031,-0.996159307,0.610703187,-0.067696333,-0.234867229,0.255452716,-1.303158746,-1.591153796,1.512921926,0.519456326,0.382440869,2.445956809,0.124843204,-0.936623968,-1.008002502,-0.380957478,0.302608606,-0.197535139,-0.83258183,-0.733170758,-0.126752316
-2.296511578,-3.078211556,-3.079667201,-1.963853135,-2.685993151,-0.967986553,-1.361620975,-0.154201182,-0.163590416,0.430494016,0.118436784,-0.418039768,-1.122767111,-0.282234021,1.111163753,1.028809692,1.198019827,1.411919152,0.886976348,1.275244527,0.689586657,-0.021691126,0.089513591,-0.554282448,0.409911425
-1.783407272,-2.713169331,-4.074664557,-1.671916998,-1.60929736,-2.327189577,-2.235300655,-0.084242214,-1.833447072,-2.120996911,0.645008885,-1.931103195,0.106706961,-0.86356362,1.133506913,1.181490119,-0.726871358,0.383174291,0.86187764,-0.539229958,-0.715080784,2.377002706,-0.936297167,-0.175837402,0.263513491
1.746403628,1.9416866,2.255143908,2.535526093,2.489453924,2.671405744,1.214143688,1.155937384,1.55403499,-0.789643429,1.387973485,1.459100073,-1.709581042,-2.045761561,-1.392804651,-1.700168234,-3.039675583,-1.882444141,-0.179635446,0.66779018,-0.708354538,0.869069138,-1.196225924,-0.052460964,0.33770729
-0.155066579,-1.109606998,-2.14672299,-0.643474458,-1.260827161,-0.181704344,-1.267821612,-0.503811553,-1.001731137,0.532328438,-0.167193897,0.339351558,0.27473934,-0.389701035,1.274624958,-0.653973587,1.279706638,2.192049411,1.663531987,1.382812003,-0.019841847,0.92676491,-2.262613244,-0.997928458,1.68473722
-0.011490827,0.186268789,0.764956598,-0.229711942,-0.771442084,1.20464955,-1.708684098,-1.04698717,-1.477265994,-0.266156493,-0.838870252,-0.494978472,-0.007127786,1.623447343,-0.801636423,1.100114786,-0.590808823,-1.065742685,1.522896069,-0.628068709,1.202594231,2.720523127,0.167257314,-1.479735847,-1.624424513
2.445643639,1.957811056,3.076789125,1.909201125,1.789935831,2.065200138,-0.370261527,0.984373215,1.247979052,0.15290713,-0.256701741,0.072039459,-0.100979841,-0.204539713,-1.030656074,-0.897036525,-1.19191106,-0.720930288,0.149646598,-0.04749721,0.09996012,0.384573872,-2.298763117,0.049942307,-0.068383356
1.106434902,1.68924219,2.181210566,2.576860079,3.920844118,1.281787575,0.59099138,1.4860536,3.082517489,1.828420408,1.797788882,2.367396314,-0.786804916,-1.568809374,-1.264740683,0.039485824,-2.981685443,-2.717122607,0.565511122,1.728691775,1.463225304,0.119707536,-0.320240659,-3.530409101,0.197987214
-0.35200475,-1.129160496,-0.58052163,-1.192325557,-2.325920243,-1.634397503,-1.07703985,-1.559068425,0.565573078,0.552559414,-1.175810783,-0.804726962,-0.765007495,0.28776621,-0.726119836,0.538868234,1.330669734,0.653640731,-0.588457218,0.228976155,1.131219173,-0.679207349,0.694396973,-0.100656819,0.048287014
-1.147868404,-0.886623195,-0.331698132,-0.087446661,-0.43442411,0.073236217,-0.343963853,-1.082238968,0.736040666,1.384937808,0.526430792,0.880067465,-0.400458731,-0.103084628,-0.132752775,3.329613642,0.444191537,-0.448110695,-0.272180527,0.373749842,-0.228784774,-0.452551858,-0.722095687,-0.944747608,-0.397885221
0.712893754,1.833575288,1.317025376,0.049523049,0.184134817,-0.044376319,0.240627261,1.638108549,0.473144148,1.516778952,1.130272294,1.306860244,-0.119649787,0.600501161,0.07978838,-0.544632277,0.159630647,0.617802891,-1.078007714,-0.407253924,-1.570523759,-2.047103767,-1.084828513,0.780154527,-0.534716284
0.690788211,0.81281709,0.552762818,1.642538972,0.813444577,1.388224999,0.482568379,-0.145751054,0.426901995,-0.267012548,0.782093553,-1.958100104,0.06039862,-1.395962162,-2.248239139,-0.254825799,-0.3319346,-0.620691923,-0.47833699,0.68705083,-0.226670839,0.790423339,-0.067846958,1.047634877,1.530014655
0.283816807,-0.507782876,-1.402973625,-0.135038688,0.027030327,0.321414691,0.52919626,-0.271654376,0.011852849,-0.976181258,0.141267946,-0.39807756,2.535060634,0.660117725,-0.009819568,-0.369331119,-1.508745961,1.560946979,-0.104388864,-0.039642614,0.5264824,-1.266920997,-0.828605528,1.07124576,-0.070721089
0.676882886,0.119452991,0.797775507,2.717261904,1.724019294,0.411077326,0.879230862,1.628806947,-0.728113374,-2.399346763,-1.095957657,-1.287266083,0.718363456,0.355924444,-1.487713593,1.104719256,-0.800802143,-0.30089528,-1.660367247,-1.832102938,0.059893476,0.902735982,0.185657923,-0.346446881,2.437946534
1.54961634,2.21859825,2.638885296,1.930215686,1.698756869,0.543429114,0.247206491,0.802887173,1.242592614,0.660090515,-0.65532089,-0.583315298,-1.18331808,-1.036049361,1.565316754,0.214393003,-0.678622551,-1.716158072,0.576813975,-0.355232534,0.634424832,-0.043026017,-1.032829866,-1.135144012,0.528274986
0.168879654,-0.481127491,0.226962476,-1.019877806,0.460090239,-0.468125291,0.665087563,1.842853062,-1.256992458,1.41570903,0.437147546,1.726774103,-0.236628856,1.2770373,0.039073969,-0.927238994,-0.82603662,0.061596322,1.022128271,-1.18317879,0.863419976,0.128058715,-0.104493926,-0.814592317,-0.289655566
0.979526946,-0.837067043,-0.200736609,0.324677811,0.627790775,0.33918455,-0.337912581,-0.639609707,-0.433570337,0.829447723,-0.197980738,-0.50078833,0.2945332,-0.134359461,0.24490098,-0.06390178,-0.11270577,-0.095647107,-0.007917735,0.112240964,0.530858553,-0.04236793,-0.346420722,0.287610683,0.55267884
1.323311529,0.907634427,0.514025744,0.846862505,0.937811108,-1.202193987,0.975448846,1.476717456,1.247298287,1.140503419,0.122413116,2.175070485,-0.420613746,-0.846637075,0.255704108,1.371489334,0.26841777,-1.590495856,-2.697242058,-0.916839097,-0.275328554,1.386074429,-0.011521616,-1.645864475,0.10893287
-0.681765819,-1.242312395,-0.20228835,-1.192658808,0.257672396,-1.515689287,-0.45718311,-0.766200923,-1.507255267,-0.919826396,-0.584019315,-1.985404724,0.904445558,1.248805514,1.0252821,1.697751728,1.387008018,-0.468628716,-0.252992764,0.478128466,0.519883475,1.20944236,1.635151594,1.393549489,1.341999267
1.827843682,1.032652636,0.478375674,-0.578770033,1.540870978,-0.954931031,1.38014886,0.564292712,0.049051772,-0.226457513,1.025163145,-0.667941834,-1.960878569,0.13240683,0.963700175,-1.099595265,-1.248822814,-0.580058391,-1.393386212,0.044763421,2.235484232,-0.028891406,0.199810875,-0.330630032,-1.167722319
0.219194977,0.851140089,2.119258133,-0.629832387,1.893068539,-0.313340571,-1.689538508,1.633575883,0.420457331,-0.78569965,0.92524552,0.563858489,0.591070281,0.460821103,-1.313962914,-0.236137058,0.085283773,1.493080673,-0.609619033,-1.248009004,-1.489879561,-0.899004076,0.504444122,0.500173672,-1.801185983
1.454076617,0.851844,0.257932878,1.052566054,1.559002307,1.543982396,0.191053027,0.153527159,1.68090485,0.251464987,1.590798701,0.100210317,-0.510008142,-1.147471282,1.097900376,1.647997619,0.55912985,0.555441758,1.451936301,-0.492538116,0.487287467,0.923889105,-0.624793084,-1.781426114,0.36098101
0.220548844,1.695939636,0.650892131,-1.416953265,-0.603075993,-0.990578197,-0.121174298,-0.393119401,-1.509333227,-1.240638003,-1.527067101,-0.148257451,0.095629818,0.925539153,1.315607291,0.133904506,-0.637310326,-0.11859712,-2.434473083,0.620562702,1.832003285,-0.974574971,0.223256419,-0.925982026,0.835695898
0.202809886,-0.67884351,1.186166287,-0.472295069,1.250197391,1.142083169,0.170830943,-0.574560146,-0.969691007,1.685733263,-0.79537648,0.097711505,1.154112162,1.790147045,-0.224750433,0.09004178,-0.338587979,0.258744274,-0.816362525,1.147993036,-1.174589996,-1.554861291,-0.27480344,-1.905679146,0.28590545
-0.053178301,-0.802566473,-0.713974485,0.213522144,0.343722468,1.947514929,-0.386686345,1.166809004,-0.392514928,-0.695405088,0.165412148,0.29042093,-1.489815994,-1.491000893,-0.461306358,0.659788189,0.065446368,-2.189964428,0.829569612,-0.902421231,1.001100092,0.498349868,0.029656041,1.021189494,0.672475179
0.56277507,-0.006566342,-0.132934039,0.018484249,1.62561734,1.27554976,-1.335887615,-0.707958801,-1.53833141,-0.398921223,-0.163182377,-0.490026596,0.191047086,0.264387661,-2.846884982,-1.1633458,-0.044312291,-0.562815765,-0.70192612,-1.097440495,1.134717245,1.218489922,0.648945571,-0.16020474,0.525436863
-0.051835699,1.668193046,0.735886886,-0.549522392,-0.753055988,0.072447935,1.081134407,1.265064199,-0.850661342,-1.250025306,0.193105042,0.548329702,0.591414678,-0.829893469,-1.242706789,-0.878842491,0.483663242,0.237781098,-0.778430177,1.95098494,-1.476846155,-0.405085168,-0.50023384,0.571304953,-1.480400195
-0.412017034,0.62684243,-0.613068506,-1.092708533,-0.303196111,-0.07783358,-0.385510313,-1.144549595,-0.568885358,0.509948292,-0.211866771,0.803269204,0.134698441,2.402041082,0.448359977,-0.219933547,0.066623961,0.130234304,2.032406169,-0.009767946,0.712361714,0.404517688,-0.398045436,0.063413682,0.281239704
1.658185613,1.975681544,1.262717189,-0.093946966,0.498360635,-0.018098708,-1.277947962,0.680059817,1.262186972,0.211691303,-0.045038048,1.585976284,-1.452802613,1.115639693,1.080526182,1.17413172,-0.280705823,-0.485450069,0.378387393,0.091468935,-0.271315901,-0.415673812,-0.486414669,0.468475054,1.316780664
0.392111859,-0.18595124,-0.8173338,0.772981788,0.794050543,-0.770419275,0.958497346,-0.316728895,-0.03485488,-0.072861385,0.641227164,0.05827476,1.467902276,0.50644192,0.908498542,1.260334125,-0.802893468,0.218067993,0.934302411,-0.739391055,-0.060445797,0.721993349,-0.505719643,-0.33744186,0.171766955
-1.117033384,0.582746313,1.582881359,0.485974702,0.929822369,1.11240595,1.053530776,1.284335304,0.690064151,-0.129470466,-0.466783769,0.328802759,-0.300991637,-1.21585372,-0.178916551,0.627016739,0.111678709,0.193524663,0.494669718,0.215220229,-0.324954725,1.095029686,0.173235231,-0.203545589,-1.309958195
1.327191323,-0.552931317,0.283961343,-0.333325429,0.428090313,0.367446632,-0.277008824,-0.190041138,-0.990660459,-0.176423281,1.813337756,-0.622608164,-0.440736456,-0.853400158,1.76733574,-0.001193644,0.124025809,0.025629315,0.161697392,1.715095677,1.312689091,-0.262865214,-0.363981925,-0.091732419,-0.333857118
2.408237929,2.043861335,2.583498984,2.891520354,1.573677862,3.452234715,0.293622799,0.615953575,1.609498167,0.608199896,1.088836165,2.32030793,-1.012043502,-0.060961853,0.172049093,0.374003856,-1.626157733,0.042294653,1.26402491,0.254365269,-0.11212102,-1.027603158,1.497956364,0.405631655,0.55675673
0.758590508,2.495579129,1.646719571,1.183580022,1.970970535,0.949479067,0.383154844,0.151004396,2.073979494,0.363242365,1.372800356,1.066356233,-0.894605968,-1.776917194,-0.905117993,-0.598054924,-0.026823974,-0.263842317,1.905346604,1.064963249,-0.463313535,-1.457030603,2.679162711,0.432118421,1.795630283
-0.385717855,0.274539524,0.150451587,-0.071125115,0.611909503,0.60241148,1.214323707,-0.541755809,-0.573411155,1.844889748,-0.311929915,-1.433104166,-1.206207999,-1.333048754,1.828853293,0.475124918,1.006084862,0.32507013,-1.683516925,0.028983857,-0.446375513,0.925688432,-0.567942285,2.811436884,-1.956346081
-1.572277021,-1.403566218,-1.763869473,-2.812021413,-1.205797933,-1.200608927,-1.929872296,0.154741689,0.908658212,-0.41102727,-0.069180749,-2.2090305,0.415525551,0.275018162,-0.719480488,1.177905101,-0.327013738,1.809269333,-0.035317356,-1.025803191,-0.340989956,-1.136566492,0.294002858,1.681602127,0.361232119
-1.151664071,-0.148813108,-0.911017347,-0.454033814,0.733068027,-0.828148777,-1.243959797,-0.805920569,0.395181903,0.538358304,0.170498589,-0.62012802,-0.148165692,0.509419018,-0.935312183,2.006482076,-0.265524915,1.134099715,-0.043198748,-0.683236669,-1.07953552,0.372024241,1.038007576,-1.778758786,-0.932207557
0.519768828,-0.175120054,0.724373543,1.131770652,0.785663378,1.018169769,0.130367281,0.436950963,0.67830178,0.269172746,1.39225494,0.859591433,0.186899411,-0.074871767,-0.795894882,-0.37759216,-1.104633735,1.149962568,-0.429277235,-1.117802175,-0.472134058,0.777407068,-0.265749062,-0.143105478,0.507727096
-1.064594147,-0.513515078,1.082397727,-0.941040037,-0.296300376,-1.194027821,0.016442658,0.332543435,0.37919505,-0.627680391,-0.129760088,0.010640174,0.373873715,-0.487534997,-0.774738389,-0.328311428,-1.602757626,-0.696685158,0.981060629,0.217786584,0.117669625,-0.501301879,-0.994391139,-0.40589584,0.587831259
0.784313612,-0.435647303,1.07090954,-0.391042835,0.462209518,0.59678705,0.222718746,2.016037206,0.976514383,0.625052802,1.963395891,1.082128628,1.295052279,0.6600817,-0.496488644,1.087517635,1.635983327,-1.601222677,0.256887683,1.223888794,0.40438142,-0.16621085,1.738173311,1.280130481,-0.233147217
-0.042854966,-1.786438737,-2.29197924,-1.556055688,-1.417098177,-1.419340062,-1.015729688,-1.570027587,0.01641498,0.566213327,-2.830371247,-1.711250703,0.420135266,-0.165028146,1.328886722,1.935272416,0.206608253,0.484352384,1.925472864,0.161010942,1.204039058,0.999043448,0.686157294,-0.315747963,0.631599202
2.500836877,1.445592658,3.412630181,2.245761999,3.551761107,1.555399354,0.615460639,-0.516182212,0.132139408,-0.554361754,0.496919542,0.877757742,-1.047528244,0.23937645,-0.355185083,-0.723640512,-1.097212228,-0.527640194,1.100266409,-0.307781819,0.2409789,-0.808193787,0.318690453,0.464288877,1.139895716
1.77382233,0.453388132,0.607231233,1.005192852,0.979729011,1.431204391,0.726808476,0.722444653,0.949796113,0.79707715,0.590766809,1.146149689,-1.48181522,0.033661492,-0.166514209,-1.063577477,-1.173144661,1.154425619,1.364702438,-0.789639752,-0.47446973,-0.909711605,1.4505224,-2.33706163,-0.164571705
-1.242264956,-0.790021077,-0.937115906,0.269341708,-1.384667282,-0.188333741,0.001218402,-2.237593673,-0.833423937,-1.179287828,-1.340726784,-0.409208974,2.362659787,0.929234917,0.441584074,1.575781759,0.03948002,-0.62838925,-1.19916422,0.355445863,-1.011039994,-0.234391221,0.770233174,-1.513600811,-1.337160267
-0.182455172,-0.095044145,0.4121087,0.26762668,1.1422229,0.247078025,0.110437936,-1.139695529,0.592368883,-2.462827916,1.538409306,0.852691833,0.760930879,1.228831929,-1.916059261,-1.222520954,-0.460654747,0.094042618,-0.806085924,-1.238132053,0.294486881,1.277912662,-0.047935036,2.092293179,1.425572821
0.575823198,0.091095953,-1.221530013,0.175499077,0.025194821,-0.525871095,-0.351407271,-0.678550672,-1.172809076,-1.03084578,1.211903919,-1.761059439,-0.715478951,-0.502100132,-1.456035479,-1.525822307,1.201964847,0.272360408,-0.723691455,-1.134101078,-0.117370781,1.610731095,-0.976630866,0.050244398,0.828694859
-0.570770697,0.201910981,-0.253871662,0.477606791,-1.279985887,-0.001367951,-1.084410138,-0.590909022,0.107768148,2.038717855,-1.747675377,-0.057198749,1.505476201,-0.613333158,-0.365143518,-0.169828983,-1.142227414,0.071728874,1.323118802,0.900163268,-0.084317244,-0.09878302,-0.493331744,-0.998460023,0.563756432
-1.222942803,-1.555106156,-1.333645638,-0.867148541,-1.45927803,-1.587218922,-0.283276169,-0.770191514,3.041307805,1.096598533,0.740783511,0.707402242,1.322806061,-1.417294466,-0.656376006,0.194455659,-1.282420893,-0.052116767,-0.967176286,-0.277735062,0.262529517,-0.712121628,1.204823205,0.242870871,-0.690966649
0.460248049,0.330523482,-0.02685586,-0.146771354,-1.11560654,-0.10824986,-0.897879842,0.979512717,-1.878160569,1.645186434,0.850214035,0.762131888,-1.179928858,-1.780880993,-0.172387845,-0.917736056,0.532826568,0.358932502,-0.937934349,-0.297454193,0.519389081,1.064114616,0.682085655,-1.053058953,0.985435874
0.150840293,-0.82152854,-0.389342011,0.305393575,-2.016853373,-1.347531796,-0.177894596,0.1691277,0.146509426,-0.34722942,0.323783567,-1.509556623,-0.589935305,-0.07018466,1.351907624,0.287869987,-0.008293764,1.05937995,-1.121355417,-0.169066016,0.269735224,-1.669295582,-0.186666619,-0.283373542,2.042425643
-0.566902236,-0.980207609,-0.675404462,-1.291003346,-0.889721191,0.340412565,0.107648643,0.029437777,0.141091799,-2.093094122,1.198412484,-0.311133554,-0.17248924,-0.150167472,-0.120401427,0.186426201,-0.254047232,1.328774045,2.753027219,0.725871067,-0.170518103,0.247610854,1.766563194,-1.452617939,-0.12131033
0.69056322,0.990861996,1.494195632,1.604413341,1.534269131,2.174429707,-0.715426596,-0.073446047,0.322570745,-0.425956222,1.627934233,0.856838108,-1.478098777,-1.492497002,-1.704973586,-0.947371295,-0.011349569,-0.485495704,-0.14223191,0.165502673,-0.801381804,-0.043913593,-0.157221286,-0.788721218,0.0944927
-2.219928035,-2.179282143,-1.199385518,-1.105951546,-1.112838111,-1.133492069,-1.853385102,-1.847606872,-2.088932264,-1.577619846,-1.68968164,-1.509503085,0.811408938,0.114340724,0.184540646,2.728448216,1.021370928,0.164069276,0.529888017,-0.743081442,-0.612784769,1.293827844,0.987517961,-0.416336689,-1.065190654
-2.359082588,0.124895206,-1.051969789,-1.046341318,-0.806033028,-0.489292669,-0.757173821,0.424042099,0.064458365,0.18873184,1.922298129,0.994970423,0.723663344,1.454006064,1.622415911,0.469682682,0.040761764,1.463978277,-1.140617318,-0.707092217,0.848259825,1.39501854,0.220039047,1.120699314,-0.719542002
0.136356831,0.032469697,0.111023782,-0.196834715,0.517830755,-0.12299476,-0.525456214,0.158201582,0.169160443,0.374503001,1.179682772,1.03064276,-1.29771412,0.726476455,1.317465227,0.953860785,-1.326860839,-1.03164945,0.9592584,-0.195110811,-0.423586238,-0.942528558,1.932953037,0.464046008,-1.074569386
1.046487936,-0.00336705,0.965838546,-0.424684221,0.185028099,0.535728295,-0.966312651,-0.056879244,-0.246082878,-0.885477308,-0.733467968,-0.486484789,0.160102597,-1.239044084,0.432691796,-1.414189586,-1.604883531,1.507923062,-1.773666625,0.302219743,-1.346042792,0.167678035,0.753045487,0.638524036,0.13082253
0.108935742,1.001082858,1.688885306,-1.390791649,0.975668504,1.618261429,-1.35694688,-1.081193266,-0.819010956,0.394216477,-0.874037312,0.16918583,1.181818281,-0.267943143,-1.27606466,-1.188187528,-0.50021544,1.339891932,-0.979002745,-0.035509943,1.159574682,-0.570604342,0.046159481,-0.025774651,-0.340778953
-0.731562428,-1.266792172,-0.783340362,0.644290047,0.130578782,-1.036685583,-0.687160015,-1.119957749,0.516213631,-1.628964938,-0.145979988,-1.373979355,0.975050839,0.980255046,0.890977065,1.028908973,-0.361075823,1.955311536,-0.731373899,-0.124490186,-0.942378492,-0.293327385,-0.178801479,0.822849098,0.372800257
0.621379924,0.521523248,-0.077132384,0.540087861,0.604632164,-0.707231487,-0.343552207,0.770375089,-0.414960133,0.060895888,-0.874759544,-0.075990591,-0.182853139,-0.678604341,0.23052897,1.554573501,0.127486799,0.502053351,0.218871539,0.046283559,0.035247104,0.617387775,-0.015372501,-0.873519269,-0.891900837
1.188414022,0.541522077,-0.435981827,0.557712635,1.312655642,1.75136754,1.485174555,1.839459355,1.276412303,0.958271547,0.443965069,1.467824604,-1.205864159,-1.332398359,-0.581586387,-1.513514776,-2.223415995,-2.505813611,-0.793082314,-0.036224405,0.491163085,-0.334894122,-0.725397271,-0.732705945,-0.16755655
-2.885826438,-1.024098732,-3.060131749,-1.722586052,-2.933197943,-1.876846967,-1.813759654,-0.30833727,-2.005468439,-1.750014831,-1.640423862,-1.475293429,1.284609177,0.232430286,0.023841542,0.665890474,0.134407408,-0.398357256,1.523998101,-0.780382903,0.003218376,0.193925457,-1.366703138,0.407591071,-0.953536225
0.768345071,0.515223497,0.608023893,0.247537711,1.74912017,2.087751408,0.262867241,0.850433547,1.40087197,-0.141401249,0.910005778,0.915391622,-1.361567906,0.679254992,-0.628707744,-1.413926425,-0.458107177,-0.026140406,0.503223204,1.107050912,-2.478137896,0.957272165,0.30873539,-0.27914739,0.187571578
0.24913331,0.99014456,-0.139531556,-0.306649882,1.277373988,0.123978335,1.716748033,0.151244649,0.747820407,-0.238857786,-0.040066821,0.941485242,0.333496458,1.178245,-0.460759588,-0.531776511,0.079294077,-0.493098471,-0.689603426,-0.482311455,0.390487997,1.515161724,-0.533518513,-0.013845848,-1.6323243
1.903080315,-0.067898952,0.302330391,0.013341191,0.961260785,0.704045371,-1.497440977,-0.499310155,0.238531625,1.474738939,-1.237264838,0.487500555,0.044427681,-0.640438615,-1.009103041,0.195263708,0.380531357,-0.262288369,0.997617077,0.129220551,1.32646325,0.288680145,-0.536175218,-0.164135278,0.151578308
-0.459978227,-0.475713703,0.007324069,-1.315989103,-0.701801873,0.888556692,-0.27241809,-2.90058919,-2.2374622,-0.418646463,-0.37645937,-0.31577607,1.381564402,0.783010464,1.597903531,-0.074835613,0.074628305,0.920041841,-0.393284571,-2.060335246,0.786532228,0.117765407,-0.088840237,1.253450415,-0.278730279
0.042816086,0.679682776,-0.796695097,-1.949052773,-0.491810206,-1.524163823,0.89796559,-1.651544584,-1.147922427,0.358950579,-0.852118694,1.470801211,-0.407414225,0.111289083,0.911142076,-1.057911853,-0.483683143,-0.035917196,-0.590436637,-0.215174288,-2.123993982,-1.107290159,0.052223438,1.305552933,0.180964089
1.043129204,0.510645939,-0.301351683,-0.813727774,0.069199734,-0.054506458,1.676559524,0.882767926,2.45886169,0.357120502,2.742559631,1.62310326,-0.902977839,-1.362427551,-0.711452106,-1.65014153,0.665016527,-1.552134152,0.895815647,-1.099589163,2.127244323,1.585798454,0.007376012,-0.626165761,-1.652266673
0.167975329,2.019045559,0.774928979,1.081411925,0.045108862,-0.350076127,-1.020239619,-0.831384902,-1.388292372,-1.961375602,-0.480948214,-1.131438389,-1.321607718,-0.471296397,0.113031143,-1.901336624,-0.491958754,0.593163507,-2.452824576,-0.97902177,-1.325851552,0.495701068,1.738295352,-1.759869347,0.654715674
2.498755624,1.435594477,2.664495686,0.897288343,2.123437111,-0.00886002,1.862967776,1.85049059,1.19486786,1.582121098,1.727227377,1.085150606,-0.212753215,-1.744119831,-0.255578261,-0.177383639,0.670908269,-0.142896564,0.734817067,2.422185947,-1.07841946,0.136225124,0.662379468,-0.711496901,-0.298742893
1.80472877,1.095880536,0.072722698,1.30426748,1.11269648,1.557980717,-0.171405616,1.2196708,-0.700879091,0.871143711,0.638323827,0.500587194,-0.79352842,0.634655552,1.696501041,0.125728762,-0.704708686,-0.63619051,-0.713094794,0.249525901,0.781877594,0.085049222,2.107815578,-0.896960147,0.217112715
1.070557496,1.4641309,0.218055844,0.752754488,0.7882214,-0.382794865,-0.11378115,-0.097376623,1.343262348,0.602798228,1.603934428,1.007620687,-0.929546917,1.243544501,0.631631475,0.379617755,-0.168323035,0.486459228,-0.714607304,1.226022178,0.452841451,0.360653474,-0.43899037,0.831748341,-1.870074261
2.012778053,0.533511514,0.240200433,1.681388691,1.947130835,2.347979958,0.207341585,1.232946536,-0.046068076,0.222410773,1.022157825,1.808133488,-1.300511724,-0.979892858,0.140915573,-1.428635302,-0.735249697,-0.524834727,1.958136935,0.855303583,0.080335105,0.77179049,0.783720643,0.920497477,-1.242733276
1.84965234,-1.148763122,-1.026354195,-0.144376006,-0.568516577,0.371364272,-0.142791792,-0.063635649,-0.476836818,-0.90248007,0.541766395,-1.089621897,0.329747341,-0.737818987,-0.119464694,0.751708556,0.054449142,1.044577468,-0.531212772,0.983242882,-0.569406242,0.89555053,-0.383412541,-1.031074183,-0.390154161
-0.117952271,-0.253121069,-0.098064307,0.443277254,-0.032008954,0.798866914,-0.230539196,1.154314352,-0.031400645,1.311380838,1.503339438,1.860852753,-1.282460312,0.659339132,-0.680777424,0.346304939,-0.667659237,-0.153708765,0.955914633,-0.199071662,1.330856728,1.610801896,-0.561131858,-0.754504759,1.375500139
1.521913161,0.538884488,0.780037795,-0.383610304,-0.493275834,-0.41269464,1.47183246,1.213440869,0.057593593,1.536540648,2.641402098,2.101180138,-0.808949535,1.198333881,1.348239061,0.1103648,0.19032131,1.295334734,0.279244729,1.606402012,-0.03932585,0.242688509,2.145542626,-1.479011087,0.527271348
0.392923928,-1.390689076,-0.767330211,0.719631258,-0.323153246,-0.756486796,-0.700710947,1.012499043,0.300692505,-0.620508411,-0.272607245,0.439580217,0.783434247,-1.026261297,0.56375387,-0.164436904,1.354441588,-1.709578539,0.382991025,0.846687299,-1.56581701,1.754201219,-0.768148269,0.134378524,0.129875041
0.544994407,-0.0125093,-1.072371449,0.947104313,0.885739176,-0.392975436,-0.201921128,-0.595468039,-0.117745038,-0.824930848,0.498966752,0.326593631,0.09458982,0.110858136,-0.50248942,-0.340105584,1.188064949,0.657395459,-0.250542258,0.041334952,1.23229995,1.057723279,-2.231734003,-0.044916427,-0.924308166
0.784832121,1.419890458,1.051925898,2.11221931,2.491035131,1.714236574,-1.318987268,0.770376972,-1.02266383,0.963121475,-0.096239346,-0.297179248,0.5135462,-0.399398926,0.062125522,-0.173408727,0.603810132,-0.704429994,-0.302715502,0.263289624,0.219284993,-0.060131381,-0.707949309,0.789121817,-1.10626495
-1.075425526,-0.197988878,-1.680968844,-3.322453979,-1.081330652,-1.746568057,-0.072552909,-1.690633919,-0.12249695,-0.644326782,0.331408179,-0.093366597,0.088986034,-0.281292378,1.166053748,1.867929293,-0.795331247,-0.360739621,1.52798839,-0.136732416,1.115006707,-1.667373728,-2.008323662,0.497131295,0.276655191
1.462130746,1.176013818,-0.196948481,0.064130054,0.480972971,-0.134552118,-0.906218545,1.178101922,-0.895657603,1.58851977,0.112153367,0.669577928,-0.274835929,0.073560905,-2.160070481,0.750248334,-1.335930567,0.768827902,0.93046007,0.052239185,0.572548623,0.085562264,-0.951324501,0.610202971,0.700689298
-0.118719239,0.969837422,2.186465919,0.699919098,-0.324439421,-0.202463825,-1.290600797,-0.308452062,0.259835913,-0.379881841,-2.1212693,0.251331687,0.207397215,-0.563222931,-0.763420243,-0.163861511,0.262703701,0.866906559,-0.499680959,-0.043600735,2.391622746,1.558477805,-0.858665821,-1.54200204,0.208974101
0.199242552,1.341086965,0.122714734,0.669030734,0.486743493,0.474859525,0.423229145,0.51295507,1.218991332,0.187546417,0.345965158,1.128727139,0.838621158,-0.896171154,-0.083448139,0.074822833,0.28372765,-2.215765503,-1.045876141,0.381533631,-0.309970272,-0.77526313,0.035281765,-0.626326037,1.709557208
-2.222676165,-0.212558693,-0.531547912,-1.912222552,-1.209242122,-1.0322873,0.671801934,-1.958445522,-0.24697973,-0.188282691,0.62299732,0.306043794,0.912481398,-0.354012603,-1.99481932,-1.254091191,-0.730026143,0.381141926,-0.584473733,1.739973801,0.016093241,0.082462647,-2.049596627,0.948897305,-0.682461723
0.333105333,0.121802524,0.165520412,-0.84072768,1.689746488,0.413049625,1.271448001,0.566730362,1.128001759,0.568459392,0.246670736,1.660727844,0.400687179,-1.977382209,-2.226744204,0.019834304,-1.265052533,-0.102492913,0.98149527,-1.205214117,0.719830644,0.165218909,1.195952226,-0.538576118,0.179369941
0.041233804,-0.205214384,0.983218621,1.633332261,-0.551339318,0.474155863,1.108061861,1.827467022,2.164615027,1.632590061,1.458114009,1.343960902,-0.821708125,-2.106579085,-0.499186708,-1.00354257,0.998687561,-0.906535498,1.178691775,1.142354764,-0.303792286,0.942126592,-1.875769263,-1.627565874,-1.693174724
-1.512450422,-1.776148858,-0.422906486,-1.768464145,-1.060761406,-1.682447887,-0.708461441,-0.960728446,-0.731994381,0.154906781,-0.441964048,-1.468728203,-0.337932523,1.376659219,0.992603923,1.171444095,1.16750309,-0.201559463,0.554943602,-0.368234484,0.802637709,-0.387811548,-0.127750823,0.80798958,0.211045521
2.063916745,-0.15887118,1.118931999,-1.244370528,-0.784495307,0.091536897,-0.887258893,0.004478679,-1.404583926,0.322925681,-0.764731619,0.105463169,0.708145927,-0.64285717,0.507438947,2.695598582,0.975621623,-1.408084092,-1.616770931,1.269663148,-2.947413066,-0.869383748,-0.324154811,-0.577264995,1.469373213
0.99722027,-0.159868556,-0.862831617,-1.118862966,-0.298268749,0.124745703,0.103424978,-0.539672706,-0.076728614,-0.412202785,0.200898513,1.010754059,1.649286249,2.331580192,1.834362115,-0.102808672,0.012897465,0.10642381,0.753779081,-0.333445363,-0.072783256,0.570002151,0.82535036,1.062636994,-1.041508883
-3.134189775,-3.656000821,-1.22900774,-1.76174814,-1.55505298,-0.580644914,-0.443500412,0.938468944,-0.927555525,-0.352701148,0.614076988,0.012567436,1.227934804,1.956052077,0.255435444,2.811920923,-0.286620584,0.02165916,1.303578204,0.412753677,-0.102992469,-0.743387019,0.351543275,-0.018414721,0.842131542
1.969132788,1.38765881,1.964589676,0.935418297,2.318805578,2.120804848,0.709467799,0.162974589,-0.178784851,-0.007505638,0.357663779,1.274756724,-0.51718562,-0.984760711,-0.86431752,-0.087358013,0.325071593,0.188367151,0.173556546,-0.158844249,-0.139215213,-1.835505352,1.186872921,-0.277219443,1.441039746
2.090715652,1.512953664,2.222419794,1.672736568,1.445999686,2.686779084,0.948935513,-0.893659186,-0.610760924,-0.463461657,0.761895788,-0.88132039,0.431890857,1.882010862,-1.399760461,-0.897799904,-0.459590108,0.019305494,1.979803056,-1.730592123,-0.876926949,1.840371924,-0.361453292,1.363190891,-0.689712775
-1.538160747,-0.874084848,-1.353647386,-2.018783454,-0.713825519,-1.89868821,-0.712394435,0.050767409,-0.593762528,1.249391367,0.175417902,-0.022513896,0.915474538,1.088442726,-0.101539205,-0.4712849,-0.305145676,-0.709291654,-1.320970656,1.738976876,0.906122839,0.927030662,-0.46474673,-1.302655619,0.466939694
-0.976087314,0.110282646,-1.250098596,-2.417968111,-1.60667059,-2.310526594,-0.946682836,1.004630203,-0.568978621,0.4955285,-1.754370293,-0.901388594,0.48884959,-0.225981344,0.991577455,2.483261125,-0.467075714,0.569787971,0.68480752,-0.942753614,-0.504444824,1.883387785,0.412790985,1.43422118,1.579631745
-0.216228074,-0.283974578,0.278571255,0.645070393,-0.239060941,-0.434037421,-0.300861424,0.585978072,0.927887383,0.085185149,-0.158422986,1.335317821,0.16166253,-2.335129498,0.665976251,0.432216084,-0.471639358,-0.24011461,-1.020221358,0.083882861,0.2002744,0.874012753,1.02920188,-0.639355996,0.230475162
-2.604973487,-2.277187115,-0.878995578,-1.296372524,-0.843359397,-0.951494524,-1.121910768,0.026028103,1.064825934,-0.662496249,-1.408734595,1.519412535,0.514171855,1.045135676,0.663953158,-0.083741518,1.213371249,-0.41554754,1.058541908,-1.052421786,-0.03716364,0.680364922,0.825069096,0.16236986,0.786714998
-1.55314626,-2.143208782,0.394641179,-1.02996239,-0.530574636,-0.253777956,-0.530648596,1.785725972,0.65561871,1.178057461,0.427103828,-0.215972976,-0.474387783,0.263065384,0.727302539,0.051784547,-1.123799274,-1.195657422,0.612860856,-1.337001651,0.500364208,0.369535633,0.321814213,0.171820195,-1.773949359
1.257161949,1.643197629,1.276850077,0.736918119,0.730931638,2.03647559,1.482696199,1.361797269,0.662364898,0.492645437,1.138233786,1.371866217,-0.726650509,0.279022112,1.039541888,0.278494885,0.456943906,0.453119686,1.801355817,-0.20493984,1.430960799,-0.186028282,0.232662502,-0.427119824,0.597136527
2.182105373,1.455737957,2.027367506,3.206228754,1.898271701,0.205144457,0.604131315,2.187094354,1.273811449,1.382228185,2.293317432,2.89590316,-1.035700538,-0.610311771,-0.336614554,-0.41220782,-1.041756096,-0.002601778,0.499708591,-0.593511262,0.195103855,0.512106582,-0.036289124,-0.76211269,0.517237741
-0.203363091,0.978186679,-1.516831239,0.77170648,1.089800993,1.267791617,1.32186781,0.465192213,-1.808700128,1.51265593,0.611181612,0.167470089,-1.652379614,-1.242537753,1.017520439,0.098242716,-0.402336871,0.28802561,-0.404006018,-1.168815021,0.841397026,-0.553232484,0.409930164,-0.369822189,-1.326212066
-1.446167849,0.19767937,-2.058831148,0.00972403,-1.669269207,-0.598788774,-1.681017639,-0.69185709,-1.000078006,-1.746046341,-0.48985349,-1.20230098,0.930525263,0.41762733,0.147969173,2.398201135,0.670330305,0.146531338,-0.491070212,-0.035432615,0.144870172,-1.069229172,2.034934444,-1.014562684,-0.964328654
0.218810503,-0.871911134,-0.009543763,-0.151624568,-0.42209141,-0.871865068,2.087141106,0.938533077,-1.647221151,0.019122948,-1.049902023,0.913783879,-0.143044391,0.529445202,-0.172490295,-1.121701953,-0.30519874,0.047443521,-0.250177241,-1.481906723,-0.506008194,-0.332225817,-0.242573382,1.961960643,0.604001802
1.779497039,1.530303244,0.289089626,1.15288373,1.566075395,1.65753046,-0.389269311,-1.665121249,-1.44459039,-0.005873312,0.098839911,-0.52588549,0.660555971,-0.344149581,-0.457961658,0.554955544,-0.283626618,-1.263039483,-0.510724041,0.125473798,-0.141557537,1.291492291,-0.364490161,-0.481130971,-0.302711904
0.24674103,1.273572166,0.914703283,0.605754545,-0.025252337,0.431217291,-0.126786296,0.331294143,-0.141819146,-1.123485434,-1.207080229,0.089181318,0.989783955,-0.469237671,0.568573019,-0.210469444,-0.54478194,-1.032786131,1.347108971,-0.127326819,-0.283542381,-1.232406687,-0.441055866,1.158947254,1.111938389
2.701785242,2.249016613,0.502221397,1.072185287,0.394943471,1.770659093,-0.4220647,0.214905925,0.576481563,0.619965966,0.047010735,2.172959946,0.62619154,-1.933121768,-1.478709391,-1.0148142,-1.079956045,-0.535314409,1.275638277,-2.480406035,0.568162132,-1.216516651,0.389372758,1.027172959,0.310726931
-2.097598028,-3.148017195,-1.951710863,-1.647381699,-0.562618617,-0.826400754,-0.676300794,-0.516564969,-0.475177305,-0.73974817,1.282058839,-0.516766629,1.998752309,0.80421383,0.432544469,1.687090148,1.909929589,0.958251124,-1.496567445,-0.523109903,0.106652042,0.591309163,-2.121745269,0.362929739,0.056455567
1.537884579,0.752813194,1.046532358,0.955344473,0.568352012,1.715758754,0.990597158,-0.312976821,1.158346343,-0.631968606,0.782396472,0.578897171,-0.474486726,-0.793852549,-1.466822643,-1.108396872,0.229430583,-1.259049908,0.038360143,0.46841001,-0.794264583,-0.415078704,-0.135061703,-0.135679034,-0.170449033
0.759138274,0.064724466,1.928417158,1.324154244,0.875287336,-0.079758978,0.404164025,-1.321663542,0.393594251,-0.597962315,0.563750438,0.446041621,-1.495580563,0.619856367,0.328121264,-2.336607235,-0.320170677,-1.158607456,0.062491517,-1.063545885,-0.221962264,0.485495045,0.880646851,0.193781847,0.292682132
-1.359375136,-1.407741279,-2.256524907,-2.791391468,-2.264986328,-1.907615548,0.496466527,-1.91194717,-0.590025306,-0.877038258,-0.532405779,-0.517229607,1.39122726,-0.10713277,1.675669288,0.755637753,-0.02662941,0.224704487,-0.781295282,0.511792194,-1.525916699,0.989857432,-0.526230794,0.572169767,0.802932373
1.279283482,2.175469362,2.204783483,2.294451908,1.64221178,0.652240516,-0.497055961,1.680721999,1.799558398,-0.09188235,-0.223360622,0.809601773,0.727337928,-0.782715848,0.303054989,-0.640943933,-0.883731606,0.346084693,0.438249992,0.43267921,-0.184603189,0.461532484,0.18670463,0.100468461,0.533850693
1.548919046,-1.920048178,0.250150326,0.336405632,-0.560093862,0.590167141,0.630406449,0.46663641,1.404148609,0.283934314,0.232775795,1.563529199,1.271468388,1.818660395,0.602440038,-1.34648734,-0.705978902,-0.860717292,1.460850838,-1.017721427,0.001305868,-0.632245579,2.109335463,-1.566748991,-0.42300866
-0.825281344,0.217054242,1.120144322,0.290196562,0.978387386,1.491155639,-0.244462252,-1.469795741,1.016939457,0.449010439,1.525339025,1.051822142,0.140192194,-0.572221195,0.459155961,-1.835801642,0.39250536,-0.169786641,0.891808984,-0.012282303,1.8084482,1.282933809,0.331599875,-1.818311316,1.239437053
1.33505001,0.648979703,0.686101119,0.38557769,0.131557474,-0.882649142,-1.857295641,-1.210501765,-1.379543916,-0.679767988,-0.372184139,-0.117229075,-1.597203271,-0.196687053,0.829554727,1.937400321,-0.478408896,0.420683658,1.347068389,0.824991083,1.348452061,0.742122683,-2.239226621,1.508988224,0.657694239
0.794117115,0.837607756,0.701545678,0.452920415,1.464365959,0.223027943,0.694056263,1.239574018,0.023375178,2.49182491,-0.856732126,1.851837996,0.044231226,0.242242496,0.268138769,0.131896072,-2.306438576,-0.509539935,-0.718467848,-0.87642223,-1.034074598,0.026827854,-1.409884367,-2.634713903,0.385233892
1.511034239,1.206415992,-0.175505082,0.594117746,0.639839644,0.434938812,1.361062335,0.928792534,-0.062923154,1.034577748,1.255724015,0.920805881,0.125931737,-1.980700667,0.237057067,-0.356283894,-0.321487811,-0.13274701,0.036507773,-0.205810558,0.201769419,-0.021582814,-0.251003251,0.195685154,0.091697177
1.211888688,-0.062750254,0.037189346,0.618789627,1.810761338,-0.129433943,0.317380791,1.330291083,0.235982525,0.786242351,-1.354292091,-0.617840801,1.045360212,1.044221083,-0.671621224,1.894213111,-0.332959052,-1.291932431,-0.765647679,1.150239118,0.219310314,0.373992539,-0.803825908,-0.234978014,0.500049564
1.049124774,-0.388327053,0.390911919,0.846139156,-1.022607937,0.715196021,0.579382693,0.861747072,-0.923077183,0.580395202,0.6530143,1.472553325,1.204625512,0.812505727,-0.262214412,0.837815931,-0.609249708,-0.672248791,0.239430071,-0.857632065,-0.230437353,-0.3119837,0.103383206,0.160801146,-1.83167894
-0.057342009,0.477386289,0.704685082,0.109725478,-0.698673024,0.157876315,0.680952069,-1.214783829,-0.341292855,-0.115007432,-0.650635887,0.054464214,0.724049929,0.377386437,-0.031401199,1.49772896,0.725780374,1.196303738,0.329450909,0.459158286,-0.166688525,-1.631204695,-0.294576022,-1.139966741,0.241309274
-1.463223373,-1.874220452,-2.466456899,-2.358079759,-0.598476904,-1.42389291,0.715200542,-0.65589488,-0.312559139,-0.301340135,-1.573722586,0.225491326,-0.226380166,-2.737216901,3.62E-05,-0.759787693,-2.1579968,1.656459254,0.959838005,-1.079191108,-0.353949743,0.750157746,1.166071533,0.350677488,1.64018293
1.672199129,0.73303454,1.127269488,0.134363537,0.6271249,1.070628477,-1.169237197,-0.53832166,-1.843597994,-0.139852187,0.537795415,-0.805425456,-0.874570545,-0.181835491,-1.358043634,-1.044018293,1.470254697,0.810263709,1.313491854,-0.160961903,1.872708487,0.69074302,-1.091331447,0.206016434,0.219986687
-1.387375039,-0.199531312,-0.711691691,-1.135910495,-0.465866693,0.104413191,1.072449624,-1.385116735,-1.278444263,-0.032089549,0.271206977,0.125983174,0.533947923,-1.092196717,-1.058125202,0.608750598,1.002592871,1.043735857,0.688977164,0.446726715,-0.416184253,-2.301065966,-0.207499382,2.761011747,0.083477319
1.056994564,-0.467430755,-1.22219983,0.612012513,-0.208370339,-1.370462641,2.101405639,-0.734692303,0.070620026,0.002901602,0.698979991,-0.430951994,-0.847361452,0.877508253,0.072790651,0.238861444,-0.699435789,-1.777507623,-0.860169863,-2.40452679,0.340937144,0.510676143,0.217258487,0.129980047,-0.595884305
1.124077213,1.655981622,0.491129469,1.072157134,1.263205801,1.874247057,-0.487829441,-0.861652241,-0.22118219,-0.59661354,1.686417828,-0.122355063,0.97768491,0.597366492,0.465259831,0.774757346,-0.755644331,-1.203764783,-1.352172714,-0.534323081,-2.529030134,1.756483539,0.341134444,1.348235107,0.49272728
-1.195458618,-1.15173129,0.575869201,-0.859587614,-0.645711999,0.229016424,-1.581592809,-0.708161477,-0.583182058,-0.148990963,0.376374982,-0.714109586,-1.163615415,0.71969653,0.378895347,-1.097222359,0.824435885,0.090496216,0.520020031,0.429331927,0.823568383,-1.127638353,0.146805259,-1.498685675,-0.195074407
-1.194828594,-1.607879983,-0.026578135,-1.224405285,-1.249289924,0.639648393,-1.368602766,0.048116621,-0.422568932,-1.868746787,-0.740842081,-0.938634875,0.553951112,-1.039046917,2.532092836,0.676990835,0.521847551,2.217830894,1.500521109,0.225844109,1.184254807,-0.073291291,-2.411273423,1.020095318,1.309299782
1.620020135,2.145275693,2.573827858,2.341727526,2.40112862,1.669124326,0.406078887,1.686234013,0.198393444,2.070314432,1.239975848,0.540998291,-0.230927964,0.826355348,-1.346295629,0.371832328,-1.089003113,-0.800285019,-0.024791877,-0.522378385,-1.052030029,-0.181982314,0.083292078,0.226273303,-0.863619691
-2.918685607,-1.357442193,-2.233417086,-1.910930534,-0.9567182,-2.016108714,0.973548972,-0.301873168,-1.970461246,1.098257935,-0.981637122,-2.687853427,0.074165879,0.024220855,0.660703808,1.10281074,-1.194843198,0.93066975,-1.527393562,-1.104582006,-0.51188675,1.660411934,-0.150754373,0.269738684,-0.452304934
-1.270957116,-0.586825128,-1.476146033,-1.449084248,0.111799596,-1.697704658,0.124868302,0.748166706,-0.344187859,0.255148022,1.1870953,-0.875566771,-0.544817141,1.912621466,1.449869856,-0.078237437,2.190110955,0.628322331,2.084755957,0.628464882,0.45150352,1.120947044,0.864109753,0.283568543,-0.600878057
-0.372113527,-1.123256605,-0.685984823,0.404542903,1.148262714,-1.001253009,0.014354107,0.312335458,0.35776736,1.104609407,0.777791232,1.204012639,-1.926405839,0.168041193,0.888302242,0.395946487,0.789704478,0.249703948,0.48940455,-0.322406738,0.019460694,-0.878416147,0.722970309,1.706338171,1.834579089
-0.099147483,2.04975982,0.844958057,0.997154794,0.954519813,0.715430559,0.140723042,1.235865129,0.459483374,1.642213982,1.046249756,1.018831393,-0.773820634,0.1605924,0.294025359,-0.993626199,-0.154367091,-0.316712378,0.171141516,0.545347202,0.466369591,0.342118523,0.240844511,0.255104466,-0.189765662
0.738143135,0.710136049,0.046757866,-1.700326468,-0.743402524,0.813148131,-1.664512536,-0.666317294,-0.445172028,-1.666167838,-1.766211708,-1.453257464,-0.466493983,-0.418273066,0.959229457,-0.267650593,0.154198605,-1.084028667,-1.167971151,0.380223136,-0.287241065,2.302672132,0.313164128,-0.784122049,-0.548077463
0.387385228,0.335462276,0.184339135,0.433131871,1.880852142,1.531378775,1.636583075,0.517941924,1.249253835,1.682229703,0.945342326,1.358885984,0.535426786,0.801123813,-0.415281294,-1.403778912,0.094049119,-2.896183729,0.016216223,-0.447418286,1.863265387,-0.624707899,1.352383099,-0.615938039,-2.090594545
0.703134463,0.478390512,0.906928177,1.274120087,0.41636792,0.815812534,0.450904706,2.141698945,1.108630432,0.166689313,0.481337163,-0.217317973,-1.004447968,0.247712602,1.196715676,-0.98267705,0.367079064,0.85378034,0.686884162,1.072561743,-0.669740132,-0.011153784,1.150296107,0.817127494,-0.911371986
0.526184428,1.578049937,0.174658489,0.515487762,1.023658024,0.741168679,1.583671914,-2.182087732,-0.739701379,1.745932426,-1.071764606,0.412486121,0.112856529,1.0039655,0.860206172,-0.511503119,-2.172367033,-0.849485031,0.503020721,-0.59427761,2.691574713,0.513507303,0.275332002,0.447455458,0.527884943
-0.386755791,-1.479413732,-0.787965861,-0.532813647,-0.845636841,-0.731227061,0.773198063,-1.353088577,-1.100207207,0.079199442,0.050943813,0.140926864,-1.356956599,-0.034153697,-0.960945616,-0.635783848,-0.509725557,-1.874342651,-0.679887128,1.190453974,1.241923917,-0.61005455,2.145418288,-1.530473662,0.523875742
0.904819241,2.545926952,1.684815021,-0.507362669,0.52693432,0.373443146,1.878303047,1.498151969,2.253714089,1.944812068,1.543246756,0.896502501,-0.38245521,-0.857013378,-0.525267441,-1.497590884,-1.224025546,-0.420513666,-0.057065283,1.321292531,0.832115287,1.763203085,-0.628196325,0.514641824,-0.651203232
-0.711613561,-0.64578595,-1.320736759,-2.309147695,0.387342846,0.365929902,-0.097411863,-0.116857753,0.436006271,-0.043273748,0.104680083,0.030973163,-1.942123726,0.607423738,-1.320760375,-1.097830756,-0.073484602,0.448717059,-0.616006702,1.050114674,-1.040477634,-0.4726683,-1.185443108,-1.082342357,-0.5956559
-1.781404679,-0.585265874,-1.61578521,-2.607245964,-1.692300085,-1.6035086,-1.760137921,-2.054198831,-1.644225132,1.034426709,-2.033046871,1.342837055,2.586999362,1.99951926,2.070842878,2.466219012,1.394947351,1.392335883,1.664161583,-0.180561153,0.909682384,-1.389035129,-0.010838007,0.43825802,1.859871068
1.295642258,1.195293888,2.368718748,1.545334568,1.718580345,1.440016608,0.080203304,-0.073672172,1.058796435,0.387249452,0.590512829,0.177765845,-0.688449801,0.35357185,-0.35968073,-1.011995675,-2.172561204,0.442655105,0.894873979,2.547079144,0.603938431,-0.524982039,-0.373809862,-0.805554039,2.696379763
-1.269586146,0.770572053,-0.552378303,-2.83370515,-1.026752696,-0.146258899,-0.838180296,-0.460065321,1.233475129,1.316005075,-0.072141465,0.518254472,-2.354855851,0.284596227,1.37409036,0.457163817,-1.054033346,-0.666892932,-0.524334869,0.151844459,-2.119610403,0.653020086,-2.465341309,-0.281481735,1.14977259
0.01281337,-0.32195949,-0.167465132,-0.40346766,0.098635666,0.690780326,1.263484218,1.248134763,1.959448753,1.022324906,0.654135201,1.153812109,-0.683732684,-1.709254812,-0.13617991,-1.620832916,-0.651328688,-0.825241692,-1.168469659,0.241056479,-1.404600307,-0.798174126,-0.65238081,-0.544808458,1.559279887
2.142402565,1.722026146,2.401072476,0.265828135,1.130747627,2.161976626,-0.773293761,0.584433015,-0.233097117,-0.102452384,-0.373413174,-1.264166774,-1.246438749,0.271004696,-2.128983489,0.76354148,-0.319432126,-0.745175681,0.277815082,-0.022061345,0.357627926,0.302199389,0.343585154,1.518912983,1.771425263
-1.631525046,-1.457066744,-2.798795149,-2.242596871,-2.209932432,-2.689496208,-0.021663566,0.562339156,0.069431017,-0.636632733,-1.181160127,-2.186408186,-0.029445479,-0.734043478,2.934421626,0.711235425,1.309703891,1.300267005,-0.49281739,-1.129766477,-0.133299722,0.56255044,-0.058027746,0.40184775,2.21457155
-1.964589281,-1.295558179,-1.809134679,-0.323691589,-1.881187701,-1.11986962,-0.503859256,-1.970046037,-1.64754826,-1.186347138,-1.002450425,-1.13031992,0.109899269,0.469581705,0.556056217,0.038589436,1.906267603,-1.454298569,-0.418306664,1.295073237,-0.51647821,-1.208934042,-0.776461412,1.261113002,-0.30192786
-1.541526524,-1.223534745,-2.828989195,-2.211988116,-0.66587799,-1.857581532,-1.596222965,-2.509382366,-1.377844702,-3.545475227,-1.290188163,-0.701783642,-0.03590816,0.456257709,-0.339740483,0.168820314,0.302728498,0.67583298,-1.135214134,-0.57240343,1.078949194,-0.563702218,0.04232552,2.895212563,-0.878267963
-1.252515195,-0.883152658,-1.9201243,-0.598175706,-0.712089958,-0.843510718,-1.315632499,-1.541752592,-0.606230841,0.591763203,0.497060153,-0.612173023,-0.456823168,-0.998043933,1.309133761,1.060416573,1.02538052,1.116857344,-1.011408725,0.919611026,-0.883779288,0.34897086,0.123072479,0.046805342,1.833489783
0.417711396,1.193058554,1.015464076,1.75887548,-0.464746469,1.305124543,0.902678002,1.741818634,0.937474553,0.230776935,0.883134624,0.449850138,-1.196687469,0.181379969,1.678398741,-2.811658698,0.485273418,0.64789799,0.162670153,1.159553108,-0.455240943,0.70241216,0.715074384,1.501990186,-0.964294018
0.008798538,1.133531192,-0.750306537,0.213219679,1.243558413,0.455597868,-0.342428434,0.198050416,1.212924475,0.837569752,1.053018557,0.617563834,0.556144737,1.755420221,-0.365660102,-0.92523975,0.304036491,0.454239681,-0.266878448,0.603321381,-0.647029788,-0.53878402,-0.641500646,-0.699455666,-1.028596094
-0.137486768,-1.789602997,-1.269414255,-1.421905198,-0.92371684,-0.44932362,1.011593372,0.312906367,0.457143018,0.543680136,1.207949365,-0.440654584,0.984326091,-0.378040941,-0.186014132,-0.203871417,-0.118548809,0.860004505,2.496514386,-0.691969276,0.510169258,0.15177231,0.873856791,1.25487811,-1.005634684
-2.129063317,-1.822096241,-1.415229818,-1.556517593,-2.349759862,-3.036118758,-1.570008259,-0.766724795,-1.758946313,0.058309079,0.310270937,-1.037351199,0.265351618,1.183759756,0.708709671,0.376918086,0.134889315,-1.977996377,0.594253433,-0.341078256,-1.7194582,-0.28393625,-1.090642974,-0.807508847,-0.131396338
-2.716136381,-2.673982203,-1.118920469,-2.155696661,-2.837523549,-1.515873758,-0.751968009,-1.323921152,-2.349582409,-0.594050974,-0.112326112,-2.562424502,0.792663218,2.928657058,-0.191337366,3.06331697,-0.150323195,2.260658023,-1.151695181,-2.677076181,-0.497671852,0.727850171,-0.503376919,-0.018415132,-1.984375871
0.870753788,-0.132944133,-0.21720275,-0.070880392,-0.997543955,-0.269974946,1.950906092,-0.396785803,1.955097991,-1.538805966,1.884692027,0.828796139,-1.032721529,0.757328142,-0.64062446,-0.322857878,-1.037457334,0.278340703,-1.535636243,-0.116467656,-1.722765221,0.519413579,1.698993202,0.536877657,-1.433109424
-0.870682152,-0.592065663,0.108933548,-0.75956344,0.798057747,-1.035093264,-0.174768063,0.029756281,0.03028381,0.116220684,-1.386611979,-0.211359577,0.22904024,-0.415237365,1.76885489,1.056325905,0.477495253,1.366307756,0.398171389,0.802710188,-0.312875475,-0.373483015,-1.023877768,0.69423123,-0.622338794
2.098864223,-0.168398068,0.722036283,0.163265767,0.461697962,0.02024572,1.039469364,0.213753899,0.752840774,0.079847466,0.922283965,1.048177482,0.046182366,0.052528296,-0.279770814,1.469706448,-0.209765279,-1.217956049,-0.396867095,-0.237505079,0.72304901,0.478443851,-0.658767313,-1.272551642,-1.195925314
0.040189514,0.228131962,0.136316646,1.11153002,-0.879661501,-0.327373962,0.126592435,-1.379787561,-0.651685954,0.630745235,0.676058196,-1.332981986,-0.443142518,0.187018396,-0.999485049,0.357868908,-0.619640409,-1.824127929,1.33147495,-0.590080292,0.740896495,-0.412598372,-1.253111061,-0.867021924,1.062411814
-0.008922735,0.858573001,-0.693708453,0.497526847,0.995678837,-0.555812351,2.345675125,1.220439992,0.95997988,1.234823734,1.921470587,0.569192919,0.308082979,1.242047319,-0.455222208,-0.654818965,0.549943262,1.559355415,0.281863838,-0.297746924,-0.727598333,0.457361954,-0.827266383,0.611450079,0.006648202
0.13093392,0.178662402,1.475574646,1.17914506,1.160334177,0.763755311,0.872940795,0.195194946,-0.281801484,1.069638119,-0.097996555,-0.52958537,0.011791324,0.826598727,0.699494739,-1.422085407,-0.44648683,-1.099916231,-1.98252031,1.21536597,0.533321953,0.471294545,0.138363158,-0.367716563,0.577021921
-0.504790076,0.861575082,-1.104803522,-1.103336655,-0.200650879,1.16768792,0.631837171,0.23023311,0.365990749,-0.19453423,0.595645593,-0.172318537,-1.028949431,-2.573119238,-1.858531178,0.590654274,-0.902085219,-0.359987995,-1.019424298,-0.054365689,-0.185163422,2.371046529,0.706542293,-1.397348509,0.467530179
0.142691635,1.505948285,1.785559801,1.823819583,0.072286513,-0.464729895,0.413566075,0.338168412,-0.554238917,-0.331314564,0.508323305,1.703920563,0.888220115,-0.956106744,0.043662261,1.295000054,-0.425370909,0.289186529,-0.675282056,1.857916176,1.361084973,-0.336262242,-0.018638134,-0.070976735,-0.20677309
0.417029578,-1.316965607,-1.131845259,-1.180420918,-2.277756695,-2.247271918,-1.481106535,-0.065204323,-1.128271458,-1.190830195,0.747124919,-1.095516122,0.059754008,0.183611592,2.462632513,0.738002428,0.985202504,0.942233636,0.442036938,-0.570733505,-0.129962861,-0.141268487,-0.324689849,-0.118971506,0.988131525
0.316523019,-0.494806544,-0.654456496,-0.648848099,-0.610436103,0.641240485,-0.681614373,0.532473487,-0.201124217,-1.184573463,-0.833862921,-0.815696891,1.570878437,-0.850894361,1.890820359,1.172967333,-0.858297932,1.03343866,-1.05275243,0.217231785,-2.973047362,-0.6472316,-1.242773886,0.176914981,0.452147885
0.580914295,-0.385290205,0.466725886,0.61446109,1.373970612,0.198499433,1.04830824,-0.779722365,-2.797339712,-0.53036939,-0.68247336,-0.606474591,0.309506897,-3.398954037,0.447010869,2.263880709,0.119477502,0.132175917,0.152817594,-0.433401926,0.894681009,-1.032823698,-0.727130455,0.529241321,-0.318400273
0.278984829,2.105752556,2.225077576,0.137667106,0.571646238,1.251208711,-0.563383998,0.567424207,-0.001031865,-0.950813767,-1.245317284,-1.075587591,1.486654851,-0.940241605,0.897613383,0.46645189,-0.337068136,-1.236063267,-1.336149821,2.074486414,-0.459099199,-0.456460494,-1.546035799,0.465651359,-1.683909861
0.177158806,-0.147003233,1.76215028,0.635481885,-0.648632467,0.534120452,0.280789629,-0.05170978,-1.117231657,-1.575274879,-0.230271352,-1.454602143,1.195551663,0.134559864,1.313953067,-0.852760169,-0.546919492,0.77377878,0.006185419,0.179705311,-0.274199952,0.665100695,0.736559625,-0.768173095,0.520658392
0.849259812,0.165485759,-0.304443747,-0.284879308,0.36819149,-0.355379579,0.377801978,0.45882087,-0.154643559,0.123194862,1.948452071,0.594526747,0.022062126,-0.655164754,-0.295675343,-0.136453851,-0.446425508,0.467891911,0.370025984,2.128076137,0.335923472,0.737461531,0.806073199,-0.410828469,-1.261303378
-0.251982176,1.275610689,0.470913585,0.90521503,1.110676743,0.83551757,0.911236104,1.011611677,0.132582941,0.585060159,0.093428185,-1.098222191,-0.557752603,-0.804205352,0.925358,1.326237251,-1.321471131,-1.540487825,1.461510317,-0.420127555,-1.424707913,0.295679845,-0.040447599,0.927788693,0.380283126
-1.09466891,-0.471013294,-0.162364527,0.46855254,-0.574192155,-2.024087622,-0.397978873,-0.484059021,1.542268498,0.012501888,0.12540467,0.305005648,-0.590270969,0.078457921,1.650864475,-0.182762053,0.139815933,1.317956116,0.245575424,1.527579176,0.074653575,-0.295764881,0.441450984,-0.543184867,0.078888559
-0.23000968,-0.796181124,-0.168663597,0.344355439,-0.809833367,-0.90214156,-0.066281325,1.173584419,0.86484175,0.181867179,1.073542057,0.627720377,0.189399192,0.018447693,-1.427717684,1.064803371,-1.51859135,-2.528699716,-0.816734924,0.118003372,0.534496995,-0.493374986,0.876232573,-0.395092059,-1.360369184
-0.678725295,-2.280683253,-0.792207735,-2.536034818,-2.489931949,-0.980801244,-0.573444542,-2.361155256,-0.611064866,-1.700357542,-0.993907517,-1.346859616,0.826384605,0.275833727,1.21655692,0.637327922,1.662764625,1.628545203,1.493005087,0.836655595,0.364064189,-0.91683051,0.101208888,-1.50426908,0.258397041
-2.054565775,-2.183556797,-1.218986193,-2.574750377,-0.958702684,-0.879753162,-0.643909857,-0.497406528,0.025852325,-0.665033478,-0.084297319,-0.202171952,-0.076358298,1.688334755,0.779093218,0.754677994,0.370990134,-0.116933656,-0.183178036,-1.219710978,-0.598931251,-0.556887601,1.393610684,-0.02868047,0.191319437
-1.428441137,-2.272674456,-3.009736006,-1.537473097,-1.554920163,-0.685930263,-1.860437599,-1.047524415,-0.073026278,-1.512953098,-0.480683594,-1.611075796,1.268518842,0.570707863,0.611612926,0.203097953,0.004132598,1.153723422,0.773566768,0.348413949,0.991931964,-1.295128059,-1.023792696,0.345270465,0.194947501
-1.771229535,-0.796235749,-1.448019603,-1.534635699,-1.433043296,-1.461374034,1.40615696,0.989078686,0.144547785,-0.294995882,-0.960312905,0.47312799,0.851659839,0.032403339,0.829935617,0.960348348,1.861269037,1.275940427,-0.612895771,-1.069120438,-0.997495949,1.357858312,-0.348670228,-1.975493218,0.146996917
0.715453,-0.263585305,-0.39105903,-0.762574544,-0.073171703,-1.948792465,-1.540675228,-1.000863402,-0.628522216,-2.161280295,-0.947917992,-1.461567541,0.992501388,-0.774691036,0.445895529,0.428595239,-0.691271406,0.20398226,0.09077826,0.257096401,-0.625521632,1.837151486,-0.467742168,-1.070250382,-0.652388186
-0.909835391,-0.114143953,0.306537975,1.472193485,0.524473401,-0.197548024,-0.055278699,1.306099568,1.393868987,1.385429048,1.419952094,0.460897251,-1.140224925,-0.453974688,0.021713113,-1.709989599,-0.93521648,0.143676111,-0.801267935,-1.518390053,-0.136001436,-1.935862753,0.647238094,-1.421727735,0.591609134
0.896566352,0.424812482,0.53130121,0.954715152,-0.006702048,1.338085707,0.15914566,-1.132550767,-1.697678195,-0.117015391,1.154250762,-0.064587292,0.999233924,1.101788011,1.106463187,-0.29772454,-1.546612573,0.021905633,0.322259955,-0.09408302,0.295468359,0.289263638,-1.434141329,0.788352237,-0.687655794
0.717407829,1.367548955,1.76562878,0.397399752,0.71221001,2.083872705,0.846663675,-0.517260378,1.557427737,0.101552257,0.885460299,0.367786421,0.381669484,-0.810546367,0.359636668,-1.179113807,1.109329145,0.573329215,0.803828095,1.095612037,-0.324543318,0.272691955,1.447974607,-1.912351273,-1.074590914
2.503063422,1.550935497,2.542744999,1.267708789,2.68308413,2.831386083,-0.551761457,0.570557442,2.641233698,2.044102026,1.575083986,1.752740656,0.696586574,0.155065412,-0.541315059,-0.74762387,1.304353003,1.585518462,-0.494799276,0.547553879,1.228586899,0.20880879,0.56177438,-0.078684597,0.674633704
0.8582734,2.149220951,0.910427924,1.301875069,2.533677605,1.295545631,1.946917118,3.056700501,1.137081435,1.231206296,1.254933901,-1.275929945,0.414997304,-0.379588927,-1.220619458,-1.180337539,-1.970924727,-1.671805238,-0.551007919,-1.23395005,0.295286214,-0.592744321,1.750294473,0.717862155,0.936430601
0.776202026,-0.195452857,0.713948248,0.509016416,-0.158661767,-0.222024676,-0.45608166,-0.248106427,-0.882384666,0.997928588,0.956327952,0.534777313,-0.052259783,1.81810795,-0.400999989,0.934837336,-0.709996919,-2.845133418,0.356818218,-1.898386383,0.075657964,1.022513959,-0.040571213,0.187821649,0.6061981
-0.027739366,0.927618391,-0.287250378,0.991258787,-0.107053458,0.018666975,0.840664127,0.678104885,1.644615541,-1.140825701,0.110262991,-0.867086234,-0.622592148,-0.122528744,-0.238705569,0.447304882,-0.410922838,-0.847861902,-0.82501597,0.49694458,0.260136159,0.410477302,-0.550319299,-0.439958663,-0.207194861
-0.86242034,-0.117307991,-1.371978213,0.627798493,0.518870283,-0.099488473,-0.611580655,0.070614695,-0.626769762,-0.455902901,-0.577386932,-0.327098193,1.572483563,-0.660647946,-0.667707995,0.472020408,-0.496369054,-0.46786764,-1.517943687,1.581198795,0.732905931,1.034121754,0.65710609,0.346468387,-1.939465704
-2.209049368,-1.284748872,-1.330767489,-1.222437473,0.162820191,-0.074565993,1.243006443,-1.80117943,0.003641981,0.487492284,-0.556201062,-0.542070801,0.031577756,0.955821954,1.144378758,-0.84779493,0.264905873,-0.04672198,0.353196418,-0.963946037,0.240774893,-0.737511979,1.030565078,1.0369733,1.481690171
-0.880901311,-0.965353533,0.937973031,0.062836381,0.890876896,-0.274749315,-0.019476069,-0.572533242,-1.215872904,0.307441965,-1.209168188,-0.424652638,0.881630452,0.901059915,0.59508975,0.119718824,0.102201976,-0.625754935,-0.107697177,2.097404078,-1.809516833,-1.383182805,-0.71442084,-0.107611611,-1.955097441
-1.533487951,-2.551823895,-2.914968843,-1.013704878,-2.227754659,-1.618425413,-0.759990848,0.185938505,1.734332834,1.413080745,0.187752626,0.267583308,0.174939486,0.160877868,1.547362457,-0.694285301,0.884984454,1.303378532,-0.128859391,-0.006493288,1.089508864,0.43490553,-1.997596508,-2.238937233,0.586061393
-1.440055326,-2.12237511,-0.890417503,-0.828675612,0.083913431,-0.817249797,-0.588094405,-0.259302847,-1.558051029,1.116556627,0.55955295,0.2798983,-1.364847923,-0.736749285,-0.26409045,0.178282801,-0.554022096,-0.932349661,0.521070415,-1.958693534,0.119675208,-0.962943726,-1.826265392,1.147732792,2.110236851
0.570275237,0.245747908,0.7757268,1.119794419,0.861807636,1.117724532,-0.412140659,-2.443681498,-0.429694012,-0.233678858,-1.09186927,-1.145778096,-0.979299347,0.607737513,-0.622655057,0.707984891,0.298699526,0.531003436,0.660750352,-1.560880357,0.684852807,1.054599606,0.261384926,0.400264655,0.149466448
-0.817060927,1.038042004,0.813088693,1.042927755,1.380599568,1.067117154,0.807423155,0.174455311,-1.147461094,0.442216213,1.02627485,-0.031929413,0.08407404,-0.224091098,0.741196747,0.611639134,-1.285769437,0.293364299,-0.161001892,0.769949149,-0.405943526,-2.126621314,1.540189388,-0.033076365,0.291233045
1.467357703,1.024386327,1.023301425,2.111049436,2.336554154,1.201942068,1.474606879,1.96935718,1.066619684,0.286985862,0.566897375,1.071084648,0.028749089,-1.967164523,-0.48531088,-0.176709139,-0.972941565,-0.317450125,-1.122669405,0.129568041,-1.826716546,-0.468539895,-1.300838666,-1.980371848,0.37932095
-0.574169531,-2.503195656,-2.410692459,-1.925962388,-2.289832548,-2.135074812,-0.384042714,0.11714069,-0.744341222,-0.787286079,-1.246937975,-1.695021066,0.852055599,0.712832429,0.301498114,1.616387938,-1.079312664,0.922192479,-0.638586803,1.482220966,-2.27890962,-0.615921848,-0.272366343,-0.298308603,0.19816734
0.916073115,-0.294611113,-0.646760372,-0.121094448,0.799668338,1.415106761,-0.726418156,1.479498247,1.410775783,0.097160026,2.191396786,0.038738619,0.893864937,-0.710783222,0.491304832,0.096291134,-0.501582986,0.716850916,0.58496393,-1.198124767,-0.944367789,-0.332376642,-0.348449552,-0.87547723,2.350613484
-0.966854672,-1.190288207,0.0965371,-1.118109215,-0.147390775,-2.13244419,-0.85240506,-1.400977776,-0.924750056,-1.067439353,-1.415075705,0.582688619,0.716324518,-0.999851459,0.959494693,0.153986134,-0.151273446,0.412399133,0.136402663,0.118494798,0.517294237,0.261099072,1.920532067,-1.216279263,-0.843164853
0.86472045,0.42285499,-0.055033574,0.151982697,0.666864465,1.910291501,0.393650466,0.966780952,0.845820892,-0.902596239,-1.209430573,-1.402364634,-0.863855217,-0.48304869,-1.296331344,0.620150478,0.68307744,-0.477990933,-0.549759366,0.006761061,1.297890955,0.396235736,2.258695753,-0.136449431,-0.968726647
-0.036056161,0.488469454,0.210467491,-0.519686294,0.400401815,-0.847869888,-0.940611297,-0.408956052,-1.241713394,-0.029870812,-0.188702824,-0.660310667,0.580752291,1.200507189,1.292060939,0.861708818,-0.007453737,0.483613723,-0.784386486,-0.143014523,0.301971225,0.639737602,0.424452688,-0.535966885,-0.327501067
0.613877343,0.17000309,0.974022779,-0.097487699,-1.783199604,-1.04285752,-0.836233039,-0.054708001,-1.647764489,0.0340466,-1.17985387,-1.911552818,0.793464204,1.728072389,0.27145079,0.169062511,0.751069949,1.181146653,0.61782281,-0.382607229,-1.052227409,0.754986364,0.898000367,-0.470098803,1.740831593
2.544212312,1.93033126,0.442698689,1.253196527,1.506103569,1.72228091,0.527674817,0.503523173,0.278089121,1.293982657,1.067861724,2.205192103,-0.842906152,0.527172945,1.205112296,0.016180086,-0.345110773,0.475808972,-0.221652406,-0.362699376,-0.784124144,-0.171525601,0.870198994,0.739626367,-0.576876609
-0.049004765,1.331474391,0.08417721,-1.177147421,-0.016061213,-0.172366072,-0.485858514,-2.04113355,0.120470636,-0.57483643,1.400264465,-0.757961407,0.637017621,0.454059851,-0.988443503,-0.053131787,-1.70444771,-1.329403234,0.752716779,0.174645824,1.360783099,2.108704362,-1.28032157,0.25557214,0.430298252
0.788002464,-2.3736924,-0.357153155,-1.335699447,-1.846649849,-2.142369516,0.617706378,0.324550455,-0.084197668,0.46460859,-1.057876273,-0.805155183,0.258298233,0.723082566,0.472524078,-1.620870239,-1.610386551,0.021686715,0.879335797,0.302581028,-1.310780871,1.387090334,0.698523015,-0.495514823,1.071008541
-1.493547422,-1.625323584,-0.221620503,-1.121625006,-1.227790641,-0.663589528,-3.020148709,-1.919723607,-0.928845599,-1.248083744,-2.034408293,-2.418887169,-0.170087152,0.463193467,0.207354263,0.770509187,0.087603474,-0.584418115,-0.31283975,0.25257285,2.101772882,-0.311988216,-1.019606471,-0.622381221,0.77898362
-0.943362202,0.518811096,-1.00373504,0.13140555,0.110824665,0.045200485,-1.315848819,-1.061621225,-0.515020043,-0.776424754,0.625658617,-0.733902522,0.068919951,-0.765546597,-1.548712062,-0.936070817,0.479703136,0.733867491,0.949647485,1.205987509,1.876037526,-0.136873692,-0.171535829,-0.45485857,1.018073842
0.359628051,0.551322455,0.356831531,0.08040403,0.472869025,0.72980965,1.64254801,-0.64014836,1.157101209,0.50732929,1.393238807,0.824625603,1.122448768,-0.964713363,0.442625526,0.145640134,-0.361140328,0.5042766,0.138409754,-1.201278512,2.13472207,-0.333047793,1.139737045,-0.24744423,1.417986369
-0.202294436,0.607913115,0.189096245,-1.053172414,-0.035668891,-0.505618455,1.231589586,1.054917372,-1.087136542,-0.49390132,0.356116935,-1.076899073,1.309034554,-0.480227314,-1.665307805,-1.315540153,-0.711417558,-0.180735894,0.267758238,-1.811683535,0.380701487,0.363298614,0.080933326,0.584050184,0.30823171
2.551822231,0.97310739,2.264535411,1.20756569,-0.494677168,0.791817818,2.219982862,-0.166046748,0.607368117,0.830295454,-0.224499141,1.117303631,0.054298025,1.146191468,-0.377531876,-0.76273207,-0.331313508,-0.771372885,-2.188749095,1.016965054,-0.341524818,-0.97193783,1.102496441,-1.04256013,-0.457048898
0.398462693,1.793735196,0.038199044,-0.541139471,1.621398311,0.172890829,-0.295884524,1.000093684,1.028288313,-0.219967155,0.618318262,-0.108282679,-0.075132207,0.842349009,0.867175281,-0.51691157,-0.42104963,0.410594533,-0.970921298,-0.943525041,0.356346266,-0.789537461,1.299263442,1.458439218,0.147218891
1.224417536,2.651196481,1.498949657,1.694661775,1.881091359,3.695058897,1.498142837,0.742373377,-0.319063788,0.489770687,1.791635462,1.833044443,-1.751972968,-1.434121386,-0.939263959,0.619320714,0.238871345,-0.582149665,-0.916694364,-0.379475819,0.908584951,-2.167366245,-1.756933695,0.584771991,-0.339053461
-0.798452602,0.671154013,0.190072359,-0.369166346,-0.949123587,-0.304621321,0.489566893,-0.993830182,0.210410002,-0.865571053,-0.044140082,-0.484161959,1.667403755,0.168027157,-0.693385584,-0.360188401,0.770693136,1.403795149,-0.318654722,-0.61209964,-0.650775906,-0.398660129,-2.177697563,-2.737927991,2.521551982
-0.643268706,-1.807188997,-1.033541619,-1.590748529,-3.343066926,-1.778603005,0.527334651,0.565120468,0.018783481,-0.296460946,-1.053667969,-0.349772649,1.449607935,0.154553807,1.237221059,-0.450573622,0.018827161,2.112557985,0.114351008,-0.633512322,-1.101203238,1.064759184,1.162092455,0.085349234,-0.532656653
1.877964568,1.056892622,1.64017876,1.319526472,1.901839462,0.723761147,1.580990901,1.25252822,2.556871177,1.67921629,1.405553978,1.133730736,0.303228568,-0.513118331,-0.598094091,-0.045617272,-0.418459674,0.527112098,0.155250325,-1.458264038,-0.283936494,-0.15210102,1.20240737,1.040736643,0.483141004
-2.410859975,-2.275691428,-2.681518234,-0.847823372,-1.628182671,-0.714038203,1.184804064,0.343541273,1.014717372,0.131414732,1.798791334,1.636606796,-1.931236785,-0.366417677,-0.248532865,-0.07925537,0.364600218,0.325412526,0.285746947,-0.569527588,-0.772307778,-0.096161941,0.256594616,0.388705908,-1.500865599
-0.207411218,0.070007761,0.800390766,-0.000192282,1.357441154,-0.02987329,0.779224226,-0.700965554,0.473685046,-0.573788284,-0.541456094,0.487241012,-0.35327697,0.875015105,0.757385874,0.321397149,-0.0079274,1.252910042,-0.684944591,0.649331112,1.240886479,0.278159144,0.392216017,-0.41234096,0.132818393
-2.701954765,-0.751682665,-1.693883707,-1.19807342,-1.207773606,-1.58593529,0.401892342,-0.43097786,0.323564208,1.021322341,-0.721827216,-0.034557152,-0.248597827,-0.151197873,-1.184732851,-1.044873944,1.353156292,0.082466272,0.691362964,-0.00393144,-0.616429514,-1.002237433,0.893047698,-0.06109178,-0.287103855
0.142765182,-0.589127214,-0.201434211,-3.032286125,-0.502493898,-1.327635175,-0.9564941,0.188511201,-0.800662408,0.706933669,-0.709512319,-0.565385948,0.66043203,0.24043926,-0.367748394,0.235666629,0.020565267,-0.385376366,1.809288444,0.504507129,0.095641467,0.025286213,0.874408911,0.178319948,0.675685386
1.091102102,0.315725845,0.395633127,1.61977955,0.720324741,-0.49305389,0.059808921,-0.764662413,0.009867721,-1.349629444,-0.009557401,-0.098928504,-0.527999295,0.079760823,0.657730747,2.100538554,0.929798761,-0.729877956,-0.353324887,-0.496081997,0.983040521,0.890329495,-0.304183983,0.769588255,0.701753035
2.032994561,2.96234291,1.967172105,0.451746524,1.793237867,1.369591284,0.390843614,0.376972892,-0.300149981,1.973842917,0.821821249,1.037261196,-0.891393591,-1.607847554,-1.791607016,-0.898205459,-1.726929166,-1.316005802,-0.663668167,0.902845991,1.27984231,0.306563167,0.955850235,-1.415094848,1.416998472
2.511140672,0.636740057,0.340069464,2.936811771,0.796659593,1.347231288,-0.223400241,0.429781423,2.051135982,0.609531467,1.601946269,1.483810235,-0.16947154,-0.629244857,0.870869259,-0.558885816,-1.300849627,-0.732675958,-0.685331824,-0.508361875,0.208559282,0.978164731,-0.346473148,-0.605018353,1.337569334
1.101845067,-1.745500489,1.030520486,-0.65922551,-0.05119312,-1.015194552,-0.844631132,0.615707992,0.941867029,0.720722326,0.951435305,-0.022641075,-0.720503928,0.931801742,-0.219446134,-1.51921963,-1.946525373,0.392494737,0.085467827,-2.108557301,0.384296237,1.264131906,0.243551101,1.638578128,-0.066304929
0.934735708,1.717217724,1.07738762,1.929477705,2.009463941,1.156363356,-0.329513644,1.288195428,-0.748125862,0.998059331,0.082284622,0.138162115,-0.572705123,1.269355179,0.731007936,-0.823748067,0.080109178,-1.329707953,-0.52576311,0.316623793,-1.016990628,0.662589762,0.200022456,0.032947223,-0.944386143
0.632732038,-0.313009317,1.454226943,1.459027876,0.56873348,1.94277578,1.085169566,1.054509381,1.540122962,2.714127513,1.544913998,1.466013611,-0.202690079,-1.409717526,0.408507605,0.037064577,0.206087504,-0.78071739,-1.730328413,0.767384769,1.023056647,-0.713367024,-0.859439099,1.527902137,-0.82710635
0.173492077,0.46319549,0.632449995,0.28266027,1.717385143,0.737977597,-0.256484475,-0.932691552,0.639679564,0.506669503,0.184626327,-0.041157,1.500618494,-1.070759752,0.15892223,-0.000926607,-2.003865237,0.487547274,-1.456751872,-0.559239012,1.263523242,-0.344135364,-0.742987286,2.985593038,0.302737976
0.075166847,0.443211593,0.352569611,0.018807399,0.568483667,-0.801515047,1.264140778,3.126178651,1.63563709,0.996639538,-0.637686441,-0.659608328,0.611048133,-0.060653508,-0.547685531,0.436415034,0.0528831,0.462689012,1.020190139,1.199206267,-1.870353072,1.931488853,2.234108877,-0.492034807,0.157786113
-0.892422703,0.511420037,-0.90291064,-0.405548194,0.507839255,-0.412776168,0.276965275,-0.251146183,-0.671431453,-1.052233216,1.027907931,-0.668961427,0.976915659,1.007320815,-0.029616109,0.391496814,0.552841309,-0.01427848,1.28179404,-0.850692188,1.762945821,0.314168513,-0.891885753,-1.197281141,0.257926591
0.125435001,1.879525575,-0.369846619,1.833752408,3.047056884,1.029170479,0.26876523,0.325080294,-2.176623263,-1.235157319,-0.21531127,-0.673828111,-0.052882748,0.213768935,0.531547949,-1.296094366,0.382645963,0.110189446,1.599889588,0.670726813,-0.700659467,0.18095659,0.369959267,-0.265530711,-0.535110306
-1.938408743,-0.210776022,0.292514317,-0.96401567,0.593094071,-0.910590931,-1.411649888,-0.937961933,-0.297714347,0.112642579,-1.010776335,-0.605840757,1.637249303,0.903945551,-0.596103277,1.205454736,-0.784595926,-0.822991084,0.226304439,1.744775942,0.594630888,-0.85995934,0.579799176,1.098992718,1.437237431
-1.171077352,-1.571910713,-1.925786447,-2.598567754,-0.725373174,-1.870319724,-0.273176041,-1.253938509,-1.77252396,0.12204102,-0.72931475,-1.784512138,-1.010715559,-0.667875496,-0.526584107,-0.562067826,1.252156598,-0.264259441,-0.990905508,0.036730984,0.077561725,-0.091461156,-0.054216291,1.238895872,-1.472683822
-3.040383728,-2.462395897,-1.714510968,-1.466375051,-2.467542304,-1.634999854,-0.848714828,-0.69607431,-0.233187564,-1.454614076,-0.826260898,-1.183970894,2.545559499,0.210755467,2.061326652,0.037114487,0.73391825,0.670768549,-0.438016149,-0.226483086,-0.060375846,0.716373586,0.671489935,2.271977485,-0.590465182
0.468981104,-0.772807952,-1.930280934,-1.666372951,0.650646257,0.304405346,-0.512871549,0.638526783,0.663579607,-0.373463193,0.269740652,-1.159288669,2.327667517,-1.585416636,-0.270285124,0.597620864,0.923018297,0.850580443,-1.491387635,-0.105671675,-0.206517978,0.01484571,0.328983266,-0.036805519,-1.077107109
-1.765675908,-2.347054967,-1.895190623,-1.464629208,-1.279555085,-1.220682238,-0.349250989,0.152624715,0.755823295,-0.664440854,-0.070211119,-0.533515906,0.571491064,0.032297105,0.479211844,1.570857057,0.047264248,0.368709313,-1.52989199,1.628295387,-0.992563332,-0.519378235,-0.870251548,0.488056516,-0.20897319
0.894436507,0.763027351,0.388150578,-0.328246525,-0.579194308,-1.272721758,-1.217137531,0.321226393,0.888724577,-1.090619898,-0.84023728,-1.549792897,0.851653429,-1.845180441,-0.079366733,-0.800871662,0.445550686,-0.661324893,0.255262711,0.402782574,0.523828011,-0.287386163,0.536817294,-0.711769651,1.246566409
0.966285098,0.188152237,2.545183683,0.758253738,-0.379360455,2.105430453,-0.073854902,1.264642307,1.428121314,1.29093494,1.676662377,1.021440109,-0.712230784,0.521364625,-0.820109957,-0.545114899,0.320281313,-0.890936701,0.539011549,2.144202677,-0.286044669,1.191825318,-0.544706423,-2.506984949,-0.287753903
0.342188808,1.256999007,1.050873376,1.148167375,1.761547005,2.464097319,-0.496926638,0.158432218,1.468279433,0.166780091,0.58301863,0.388506703,-0.575709206,1.012241642,0.90025307,-0.246679258,-0.570717528,0.973556829,1.958373556,0.279251388,-1.309422321,0.667780813,1.740669183,-0.039652698,0.101477336
0.146582027,-1.805407826,-0.31263968,0.334985254,-1.628767615,-0.641919826,-1.311116541,-0.747014561,0.105321557,-1.2616813,-0.810080009,-0.939184846,-0.213051447,0.463311034,0.260079622,0.928355871,0.592426219,0.8265643,-0.083093576,-0.65379666,-1.035004688,0.534040227,0.429125277,-1.153754254,0.664242856
1.184228125,-0.41479581,0.275347604,-0.020347496,0.439019276,-0.051966892,0.752405975,1.137440437,1.4412992,2.453906279,0.783656127,-0.061636378,-0.165808773,-1.483013755,-0.442841474,0.943929536,1.003093867,-0.267977697,-1.357834811,-0.583506935,-1.292446264,0.440882139,-0.700153526,0.643357203,-0.335316358
-1.097405474,-0.407795912,-0.508263929,-0.687587444,-1.289041074,0.049042578,0.568893559,-0.721680138,0.188110383,-0.996409463,-0.376681768,-1.50918545,0.642817511,0.480618771,-0.10026669,-0.221190355,0.022570234,-0.780775703,-0.121920384,0.061607265,-0.52459055,-1.183029959,0.342289554,-1.881393321,0.382627664
-0.362262528,-0.510091902,1.275445937,-0.244867182,1.23475155,-0.271833188,1.182644295,1.991397021,-1.228009967,0.333641918,1.71647348,-0.521558132,0.477422806,1.772746646,-0.353585234,1.01019166,-0.913329206,-0.542506662,-0.282459199,-2.041322616,0.485099308,0.272349087,-0.924854439,-0.739332891,0.250755752
-0.148025118,1.389506528,0.1914206,0.872163076,0.945002307,-1.010459862,0.299153644,-1.166513445,1.379113632,-1.622447627,-1.655307705,-1.378054147,1.723078787,0.363297972,-0.667945601,1.13242557,0.543574834,-0.058932651,-0.491231677,-0.474989837,-0.711118051,1.068007477,0.25777908,0.267679204,-1.130809314
-0.151543486,0.109027297,0.869386012,-0.836546227,1.648755216,0.361457247,1.871363816,-0.089914874,0.261915304,0.074583968,0.304598669,0.418588394,-0.1264628,0.849775701,-0.666212068,1.38885337,1.074679959,0.031642498,0.343749567,-0.452797834,0.975441557,-0.260921541,-0.22569779,0.372362167,-0.464315395
-0.8392356,-1.267289757,-0.634039973,-0.59969591,-1.687375484,-0.250918853,0.264858897,-1.240541639,0.833976044,-0.084083184,-0.453888147,0.316325283,-1.221205236,-0.317908311,1.615629571,0.570471439,1.278645631,0.62774757,-1.214472529,0.239789755,-0.119214479,0.977428062,-0.826871168,-0.047439247,0.354585613
1.324821068,1.488171915,1.575691371,1.780223505,2.750242796,2.669173786,1.69227255,0.225804924,0.762899505,1.948539473,0.954880892,1.506570874,1.107531523,-1.15643708,0.267991908,-0.230654817,0.271140953,-0.023161011,0.130721433,1.94181822,-0.289404922,0.545226719,-0.839441395,1.867345168,1.282192026
-2.605056927,-0.326113037,-0.2118755,-2.582379918,-2.592922693,-1.788957212,-1.449890416,-0.207658046,-0.216252929,-1.257591616,-1.421705248,0.037995558,-0.699180471,0.335902571,0.089001485,-0.027447647,-1.710063447,0.066465653,0.651563266,0.054816488,0.01676543,0.827672843,2.434934258,1.569463636,1.281260292
-1.280249758,-0.162937109,-0.626989397,0.501101431,-0.688533664,-0.674966284,0.564305456,1.791857079,-2.216026033,-0.44971309,-0.793760707,-0.620874306,-0.505670505,-1.736253491,0.881271399,-1.315306731,-0.574468126,-0.462213081,1.41973777,-1.922659087,1.395154932,0.050936487,0.091392282,-0.684327493,2.09548703
3.05390284,1.672185597,2.45394312,3.621873938,2.052546428,2.712113436,1.218866567,1.294411863,1.427689075,1.539343625,2.786656832,1.258256459,-0.664616977,1.128493901,-2.337660226,-1.159343984,-1.435326243,0.93310419,0.310375849,-0.91390765,-1.371338692,0.886585561,-0.431739165,1.609409668,0.485457156
0.315426603,-0.038387526,1.506682889,-0.12832094,0.136133858,0.536138179,-0.988066808,0.557039437,0.178170967,-0.656139396,-0.762176988,1.144016882,0.297379664,0.047607132,1.160032607,0.023026053,-0.037696357,-0.5788985,1.043120451,0.262287862,1.656366971,-1.464681613,-0.6049186,1.762201449,-0.413314555
0.082886996,0.68455983,1.265414157,-0.513352437,-0.058904847,0.414609495,2.141531082,1.031297805,1.237373651,1.38161953,1.680185512,0.985440134,-1.802519564,0.278470582,0.664015116,-0.60016815,1.017813274,-1.664158403,-0.44389604,0.09299476,0.960160109,0.03314572,0.471166103,-0.123902374,-0.063952332
-0.480770824,0.482336524,1.118784075,0.388350207,-0.468725555,0.245163596,-0.979598678,0.932413555,0.993426652,0.321339892,0.633462752,-0.127743252,-0.703857075,-0.447389738,1.98066855,0.505914131,-1.004519533,-1.506877793,-0.304290274,1.624455522,-0.021656495,0.713014861,-0.638496035,0.045403123,-0.113764818
0.489087401,0.158839772,-1.969227328,-0.122771537,0.001859698,1.10543798,0.751701445,2.264584719,-0.551344059,0.748570795,0.054919962,1.948220397,-1.535976199,-1.592049716,0.707124312,-1.51202793,1.814709896,-0.521141982,1.347847041,0.960077298,1.183025685,0.296299526,-1.094617967,-0.050721553,-0.407880213
1.231941572,0.737075434,0.505362961,1.198442707,-0.156589613,0.730741267,-0.493752715,1.547356357,0.815501912,0.195417399,0.707245143,0.745599917,0.579415875,1.303107466,0.413385208,-0.143902725,-0.324221049,0.865859557,-1.371584425,0.930115474,-0.322472852,1.095623656,-0.032414397,-0.644999388,0.382955343
-0.623898648,-0.43722131,0.390022189,-0.120406007,0.317955593,1.146149938,0.589995012,-0.570532856,0.674994463,-0.531618733,-0.501886632,-0.529635015,1.12468455,-0.9520476,1.221669,1.854935212,-0.630568529,-0.458710267,-0.403140302,-0.217133092,0.285678375,-0.157098825,-0.039969089,-0.54566768,0.429488497
-0.980093821,-0.542841064,-1.546858585,-0.304355948,-0.647940377,-2.08796046,1.040790204,0.416735206,1.961307561,0.966543003,-0.968572672,-0.615770376,-0.826835401,0.586773726,-0.290409649,1.168857722,1.03350308,1.602581927,1.128446307,1.099121037,-0.541414508,-0.547455273,-0.417034978,1.319322572,-1.173757497
0.608277691,0.970073142,1.030321001,-0.045316252,0.794499073,0.443760259,0.148079908,0.232127938,0.298912558,0.566797272,-1.228589834,0.825814543,0.745488482,0.248170855,-0.506480318,0.403965641,0.681268365,-0.157158866,-0.211111715,-0.895923126,0.966475164,-1.639074999,-0.891292279,0.437376143,1.088170048
-0.738801213,-1.771352548,-0.726991556,-1.006560774,-0.047504059,-1.2393653,0.796559581,-0.279927458,-0.653430506,0.939730076,0.294274867,-0.086902954,1.135738886,0.36459419,0.24021768,0.649652154,0.882990236,1.296640276,-0.285602032,0.968294309,-0.707255605,-0.2729665,-0.390971601,-0.554189547,-1.836803605
-0.25988215,-0.107422466,0.797740623,1.239794515,-0.819247594,-0.134869208,0.368432654,-0.569349573,-0.718803819,0.678901339,0.875230915,0.383035522,-0.826118544,-0.939080645,0.999038545,-0.561843504,-0.925464753,-0.914903852,-0.265332117,-0.282418903,-0.051367789,0.516874947,-0.469637364,-0.925996072,-0.222481953
1.202700035,1.056687599,1.265561704,1.22410345,1.141806005,0.254509498,2.162848901,-0.415159363,1.818622376,1.413564903,0.469510125,0.838635386,-2.164171584,-0.514519465,-1.150140969,-1.958513678,0.071974863,-1.047845507,0.117151775,-1.447993406,0.679138818,0.761008514,-0.608364176,-0.758110399,1.149315273
1.202156896,1.326354572,2.330082503,1.410515838,1.73970072,1.224613873,0.790096554,1.131785859,0.782596751,-0.197814138,-0.176932953,0.903930784,-1.09241641,-0.983331736,-0.99414152,0.283129739,-1.058487962,-0.04634486,1.086083842,0.593236701,1.048189641,-1.399185582,0.276500068,-0.163855222,0.607391427
0.437085411,0.674602961,1.411793778,1.647079701,1.084978701,1.187075912,-1.117679589,0.711401033,-0.37089005,-0.522934781,-0.514077567,0.115178724,-0.435544771,0.82844698,0.313071327,-2.103398428,-0.617334221,0.534486256,0.924231518,1.397543619,-0.821155042,1.175325126,2.226227983,0.913169887,-0.356973826
1.432408855,0.324718092,1.59072972,0.766799189,0.537953441,1.067509963,-0.123497178,-0.359095141,-1.559508431,0.83317276,-0.459383065,0.568716358,1.228615809,0.355504282,0.486889495,-0.451888229,-0.2442711,-0.319949471,0.011457241,-0.406601871,0.753138235,-0.974420821,1.33176517,-0.860081169,1.968823513
0.008693195,-1.380080427,0.035892858,-1.280690385,0.366165602,-0.34110449,-0.395059222,-0.043535414,-1.056938858,0.451475808,-1.750335014,0.118235706,0.001563252,0.08877338,-0.524736949,0.104742299,-0.62993167,0.371254475,1.092388567,1.56276175,-0.981985081,-0.121148141,1.941919469,0.901702568,-0.440073502
2.655088065,1.437325598,1.893519078,-0.06847485,0.627103211,1.339385793,-0.19163902,1.038895678,0.557843675,-0.225661416,0.073286693,0.492878426,-1.233586672,-0.838957818,0.275934664,-0.729912886,0.620031929,0.202195864,0.341792963,-1.655940914,-2.150330826,-0.568816382,-0.567691309,0.196956748,-2.001950969
-0.924587048,-0.918551922,-0.36696373,-0.695655008,-1.716252241,-0.074889799,-2.111915479,-2.151975677,-0.402589065,-1.592666636,-0.259260504,-1.325239312,0.774055829,2.537578239,1.872551537,2.595236884,0.120641351,-0.637462982,0.859120168,-1.196793237,-0.748063647,0.417249884,1.674688237,0.142841943,0.452739688
-1.653453632,-0.140118473,-0.303850681,0.07231215,0.14593918,-0.534095038,-0.235380212,-0.943614641,-2.2185969,-0.737584651,-0.506747596,0.974585724,-1.048350325,-1.054395009,1.197878103,1.759371085,-0.080948018,-0.189381125,-1.028369474,-0.146726042,0.834659976,0.094074718,0.227275816,1.025796148,-1.778513555
-0.781283612,-1.450499029,-0.910815137,-0.857300543,-1.648920899,-2.532257009,-1.812466672,1.080614035,-0.096855967,-1.216714815,0.869200157,-1.6832018,1.159690243,-0.693367589,1.01474769,1.626314759,-0.095394255,0.229969922,1.738552733,-0.370763886,-0.012216879,0.677968555,0.986363492,0.843358718,-0.831448528
-0.959354024,-1.270640404,-0.675911863,-1.011984582,-1.198635294,-0.874281153,-3.240968374,-0.839960627,-2.427543167,0.371455774,-1.948250009,-0.831401214,-0.356626363,0.449465908,0.441733317,-0.309522799,1.457120121,0.100161349,0.220213054,-0.667133386,-0.534997972,1.843804615,0.457703958,-1.404517893,0.622750265
