protein_marker_01,protein_marker_02,protein_marker_03,protein_marker_04,protein_marker_05,protein_marker_06,protein_marker_07,protein_marker_08,protein_marker_09,protein_marker_10,protein_marker_11,protein_marker_12,protein_marker_13,protein_marker_14,protein_marker_15,protein_marker_16,protein_marker_17,protein_marker_18,protein_marker_19,protein_marker_20,protein_marker_21,protein_marker_22,protein_marker_23,protein_marker_24,protein_marker_25
-0.293639954,2.592365219,1.221415466,2.521116291,0.010368254,0.665769803,1.716046214,-0.177392454,-0.844814531,1.265926849,0.761053688,-0.446919019,-1.30974133,-0.855922344,-0.338893572,1.455410294,1.622622816,-0.706165255,0.406877729,-2.748309347,0.133677719,0.055478323,0.397852473,-0.343267216,-1.084013646
,,,,,,,,,,,,,,,,,,,,,,,,
,,,,,,,,,,,,,,,,,,,,,,,,
,,,,,,,,,,,,,,,,,,,,,,,,
-3.917165732,-3.921584278,-3.868646727,-5.052647794,-3.3735241,-3.29270507,-2.882714749,-1.595227107,-0.722167717,-0.571536267,-1.347012115,-0.359717362,0.990444229,-0.253016639,1.133166321,1.434603588,1.545579684,0.709563343,-1.064406031,-0.605683065,-0.667536882,-0.102352957,0.656340264,-0.124124231,0.065067526
-2.151244256,-1.456975356,-3.604323024,-0.98097742,-1.250013655,-0.740047915,-0.111560593,-0.607845323,-0.776802109,0.66593873,-0.601945072,-0.249180424,-0.404937505,-0.081182867,0.889712001,-0.441619282,-0.083228129,0.029424748,0.496331981,0.439501869,-0.106018161,0.124277272,0.945693609,0.872404187,1.703696299
2.548885053,2.070458769,2.364990773,1.041284661,0.489965947,1.950521561,0.811336149,-0.240593741,-1.0972613,0.366841379,1.245801625,-1.503046895,-0.071217151,0.419234915,1.848456907,-1.159864644,0.081735158,0.446405655,0.805696992,-0.888388919,-0.645539046,-1.365370164,-1.59357645,0.277421613,-0.706675514
1.377961933,0.820549662,0.575753523,1.397434728,-0.610354486,-0.473385148,-0.503696408,0.052780638,-0.20682332,-0.158465025,-1.098000844,-0.375664365,1.364991708,1.162595321,0.338711959,-0.157181571,0.395513647,-0.064339273,-2.17482886,-0.576906463,-1.205620417,-1.379082421,0.386878599,0.469470971,-0.537578654
,,,,,,,,,,,,,,,,,,,,,,,,
-0.211494065,-0.406857867,-1.536880853,-1.05844669,0.030660373,-1.158240865,-0.74741682,0.193558504,-0.265830535,-0.021831749,-1.047159022,-0.630678595,-0.470083018,0.377168512,0.477216364,0.698872655,0.055481812,0.340126622,0.353373023,-0.292247044,1.707794441,0.008524283,-0.680124862,0.256210606,-0.817227526
-0.128755335,1.691069151,-1.037949356,-0.371369808,-0.744197017,-0.674925632,-0.330285339,0.821433032,-0.347023645,1.39225613,-1.248692689,-1.188387785,0.466889892,-0.74621797,-2.664600763,1.678584568,-1.230705609,-1.731783478,-1.408875135,-0.51520825,1.064571995,0.012046025,-0.022317327,-0.096342611,1.159404482
,,,,,,,,,,,,,,,,,,,,,,,,
,-1.088267283,0.05012764,-0.112199543,-0.269637391,0.852898136,-0.567879857,-1.016751023,-1.387301779,0.400042506,0.972347889,1.346790553,0.112928693,-1.226561746,0.96057348,-0.317807839,-0.840360627,0.561540029,1.049316535,0.271062305,-0.641528443,-0.597334593,,-0.679256428,-0.503568931
1.21188204,-0.131985012,1.447733472,0.682553747,0.692466474,1.656980809,-0.384197848,0.281853605,-0.678480333,-0.839770929,-0.246390362,0.133876155,0.525537691,-0.905531436,0.147431285,-1.414542315,-0.131911089,-0.27028548,-0.162015634,0.393036738,-0.286918724,-0.395176321,0.18846376,0.914862355,1.14820728
0.335872065,1.986722598,0.946049155,0.317849899,2.418076328,2.540126531,0.845167745,0.678878446,,-1.923727605,0.157127163,-2.002481791,-0.878290101,-0.110694752,0.105072169,0.89876537,-1.414768506,0.692862639,-0.7739116,0.610602214,1.05702126,0.298521761,-0.173487098,,-0.312318481
,,,,,,,,,,,,,,,,,,,,,,,,
0.45141122,0.841101917,0.998990148,1.015226916,-0.170355045,1.919895023,-1.302901289,-0.488234282,0.125001041,0.498642981,0.300003935,0.018355397,-0.707440454,0.189850529,0.863868116,-1.484588566,-1.192755863,-0.542424416,0.814025295,-1.020309329,-0.363260224,-2.220396886,0.227574841,2.050784662,2.197684145
,,,,,,,,,,,,,,,,,,,,,,,,
,,,,,,,,,,,,,,,,,,,,,,,,
1.527000756,0.34360473,0.008167448,1.167143965,-0.026483307,1.289093174,-0.129246586,-0.724053033,0.827334787,0.459406776,-0.517266393,0.948550881,-1.513498017,-0.616977283,-0.267026222,-0.36559969,0.345753835,1.786777431,-0.194973517,1.612827014,0.423388284,0.525722281,0.55495586,0.272932828,2.419137524
,,,,,,,,,,,,,,,,,,,,,,,,
-1.134548699,-1.198061035,-0.315349508,-0.577363526,-0.218339133,-1.169219564,-0.013053542,0.191998343,-0.596557777,-0.946402274,1.38616274,-1.588111627,-0.99078942,0.864290953,1.118681425,-0.576334903,0.086549895,-0.288657254,0.837624226,-0.460371404,-1.45433243,-0.755126076,-2.08692495,-1.059137322,-0.048063187
1.95542328,2.1913356,3.275478861,2.278462353,1.969085029,1.762787734,0.249181951,0.880701137,-1.525066335,-0.455842342,0.472064074,-1.01529591,0.833635087,0.501416484,0.035792794,,-1.103404367,-1.333417213,,-2.347977938,0.08697811,0.944304678,0.513727994,0.241390128,0.902465317
-1.536470471,0.005331748,-0.372423878,0.93029054,-0.847045905,-0.719750107,0.582697996,1.030171785,-0.420963948,-0.061873201,-0.661613052,-0.413175792,-0.498874623,-0.079001897,0.191478857,-0.615622532,0.534845962,-1.384592334,0.478131724,-1.229096426,-0.617445268,-1.254042864,-0.911923302,-2.663489538,1.184216753
-0.067475267,0.15023858,0.010962582,1.217448545,0.072994802,-1.300381259,-1.768463091,-1.73412945,-1.360830243,-0.395550044,-0.714136867,-1.082717852,-0.144091544,-0.686288998,-0.469331608,-0.495645539,-0.09095796,-0.597439475,0.302751703,0.636522047,0.416098676,0.127599233,-0.086237825,0.272467076,-0.038815294
0.108378102,-1.665925585,-2.038104024,1.437993531,-1.816004599,-0.519023904,-0.545329786,-1.11792956,-1.059817582,0.065378987,0.084356481,-0.727382264,-1.329924017,0.425339086,0.991883546,-0.783971723,0.050498838,0.8065209,0.093003464,-0.101747919,0.669788686,-0.242516769,0.371046985,0.315398393,-0.483843659
1.38164566,0.17678664,1.98380916,3.661621735,1.235759912,0.803734342,-2.42915908,-0.101342089,-0.897866678,-1.295378711,-0.036055671,-1.127457041,-0.422455647,0.243874653,-0.417820998,-0.620796323,-0.85676226,-0.570636811,1.028513803,-0.419849859,0.398938934,0.046279468,1.333029024,,1.717395318
0.672333907,2.66681652,-0.015815105,-0.921749115,0.629912794,-0.409683642,1.172919357,-0.502349076,0.870585401,0.292904115,-1.971456588,0.659232391,0.651964126,0.981541755,-0.158885322,-0.93313402,1.424277516,-0.990259996,1.065668069,-2.495553502,0.072592324,-0.989034285,1.842322801,-0.092366361,-0.270614458
0.613882851,1.622644749,2.732765668,-1.133839307,-0.158459773,0.830658404,0.033355432,-0.329948354,0.151327989,0.937087418,2.86712273,0.576432113,0.083204929,-0.755343,-0.194846144,0.38346929,-1.299677895,-0.90782182,-0.522687685,-0.013127264,0.288871272,0.436883456,-0.921218287,-1.251169518,1.19372877
,,,,,,,,,,,,,,,,,,,,,,,,
1.323281253,1.140216021,3.225127449,2.024345449,2.240380748,2.250731045,1.791024079,1.633154784,0.10381941,1.439617746,1.217751535,2.079950299,-2.157973633,-0.069032483,-1.78334547,0.325667042,-0.652738052,-0.822713428,-2.49911584,-0.724382581,-0.030751784,-0.971856871,0.325717169,-0.337250956,1.826965158
0.28580321,-0.911122021,-0.356978784,-0.975168079,-2.262837326,-0.555554835,0.358470011,1.201225199,-0.368176152,1.029823131,-0.719577688,-0.666732952,-0.152911623,-0.224444958,0.648541931,1.840278307,-0.08397916,-0.422238717,,0.850104097,-0.796483247,0.189645522,0.242427754,-0.972092746,-0.849045923
,,,,,,,,,,,,,,,,,,,,,,,,
0.834067328,-1.420643475,-0.262474062,-0.63926346,-1.174599755,-0.484064593,0.140487988,0.678942775,-0.552096196,0.792692052,0.231580127,-0.633488918,-0.607821916,1.413546338,-0.332402881,0.689448777,-1.345694728,2.270115268,0.419196919,-0.933689305,0.683238156,-0.296740728,-0.016603002,0.110756108,0.854486402
-1.322286913,-0.845133486,0.174982049,-0.924016418,0.776335709,-1.296219166,-0.731491309,,-0.803208395,1.461909777,0.163925807,-0.417006914,0.373809244,-1.449497844,0.581123245,0.450710747,-0.837950854,0.882067969,-0.335866935,0.185580327,0.68040135,1.360392922,0.597540946,-0.358334785,-1.130339307
,,,,,,,,,,,,,,,,,,,,,,,,
-0.717662167,0.208161946,0.206089954,-0.572523356,0.795387068,-0.281873898,0.218077543,-0.45650024,0.652272792,0.012460261,0.208205923,-0.159715757,-0.435902228,-0.511490262,0.834979771,0.085061021,1.551183744,-1.537011941,0.811966096,-0.402705895,-0.329977465,-0.116294703,-0.994585392,-0.005638693,1.548409233
0.062355713,-0.76978454,0.569719331,0.59038572,-0.034591574,0.154138927,-1.154577631,-1.389764941,0.285837363,0.301362548,-0.235184782,0.362355264,0.947303741,1.074110329,0.385284819,0.267661541,2.332281103,0.158062717,0.39725468,1.467215405,-0.549007352,-0.993154196,-0.644159935,1.345815971,-1.784832139
-1.237072644,-2.389966878,-1.706600965,-2.518910363,-2.310971837,-1.777437056,1.132733513,-0.347959651,-0.443856685,-0.237121853,0.538497389,0.601814382,0.189802788,,-1.194880648,-0.630934542,0.242855915,-0.291741764,-0.11669006,-1.278669178,-0.353602716,0.126590357,-0.212260249,0.46954641,0.402139279
,,,,,,,,,,,,,,,,,,,,,,,,
0.550037256,-0.793478308,-1.246454829,0.062412871,-0.102986818,-1.504543468,-0.620127994,1.560465599,-0.904947358,-0.095094218,0.236164801,0.100756524,1.570596634,-0.49664681,0.019089395,-0.288304289,0.404100735,0.693687231,0.738148916,-1.539285998,-1.523583121,0.635901245,-0.326480674,0.852433876,-0.025907665
,,,,,,,,,,,,,,,,,,,,,,,,
-1.047519748,-0.129008319,-0.298345407,0.407139008,-0.606398048,0.086144906,0.066723885,-0.458392497,1.49230556,0.582739566,-1.403872761,-0.94747442,0.925464361,-0.079663089,1.139446477,1.056550711,-0.261325551,-0.552294641,-0.371253266,0.336548965,-1.395140131,-0.681995625,,0.401552276,-0.262608008
,,,,,,,,,,,,,,,,,,,,,,,,
,0.140099183,0.0764166,-0.902782705,-0.14526909,0.256322762,0.008764583,-1.300002088,-0.540772115,-0.451550497,-0.199642962,0.733431437,-0.91445234,1.59116761,0.140084173,1.081181909,,0.517673746,0.202845698,-1.410192364,-0.101719877,1.39719049,-0.652993397,0.589780418,0.069158225
-0.04464637,-0.395524724,0.022147208,0.323219932,1.092984239,1.038228235,-0.153094657,-0.130320486,-0.371906247,0.618920155,-0.831838465,-0.187986857,-0.59414961,-0.050096582,0.479017581,-2.38120877,-0.395789235,0.571524847,-1.12115971,0.379796695,-0.412227603,0.629010248,0.678088874,-0.444144174,-0.27670556
0.161202187,0.466945041,-0.092293572,1.183392328,-0.310880015,1.734201583,-0.985652386,0.197663843,0.169800568,0.145407022,-0.140221807,-0.374095711,-0.832739461,-0.913126077,0.029067265,1.432203098,-1.487151827,-0.178142937,0.89471284,0.823949247,0.885652358,1.847412249,0.988043191,-1.139342864,-0.513260522
,,,,,,,,,,,,,,,,,,,,,,,,
,,,,,,,,,,,,,,,,,,,,,,,,
,,,,,,,,,,,,,,,,,,,,,,,,
0.492114163,1.09475135,0.647645399,0.01166598,1.132261323,0.24876213,-0.625664739,-0.307597498,-0.224378887,0.609884901,-0.677491529,-1.0532001,0.652997706,1.754462625,1.139852258,0.910153386,0.011590668,0.543173088,2.06919813,0.276090964,0.728791385,,-1.976103684,0.179291674,1.34366557
1.36946252,-0.152070973,1.660174761,1.998616327,0.510123274,1.979878672,1.260116287,1.28810881,0.463487172,-0.977101401,0.258432989,0.482353748,-1.927181429,0.138018037,0.304048788,-0.516778006,-2.229974196,0.346198257,1.729959035,0.496871577,-1.410983438,1.237570066,0.096995687,-0.448870189,1.578824898
-0.671592531,-0.88514483,-1.178236241,-2.876473892,-0.475602195,-1.636208822,-0.652457732,-0.218996271,-0.192469719,-0.715442773,-0.578867935,-0.437660866,-0.366499543,0.638601217,-0.450676335,-1.420962088,1.36300983,0.531231427,0.340661782,-0.474883245,0.252266645,-1.084878233,-0.570983624,0.883378692,-0.586640302
,,,,,,,,,,,,,,,,,,,,,,,,
-0.186078521,-1.839031038,0.042775675,-1.10480279,-0.996339088,-0.924164035,0.272792525,-1.155776293,-1.423792504,-0.780398531,-0.30309511,-0.952901258,0.662128963,2.158986274,-0.113892438,-0.032615643,1.176202128,0.086061951,-1.829601697,-1.25161823,-0.741437793,0.265356506,0.964624064,3.327472286,-0.424947644
,,,,,,,,,,,,,,,,,,,,,,,,
-0.502781117,0.543167344,-0.943190404,-1.412447296,-0.657510189,-0.69991044,-1.092167777,,-0.050497567,-2.097965699,-1.083266683,1.154505613,0.600031543,0.289207155,1.012413222,0.137134236,-0.409548298,-0.617425546,0.519136059,0.371787306,0.124271388,-1.772929155,1.350318064,1.537292337,0.355760869
1.357198893,1.095197102,-0.108487098,0.629875687,0.594620878,-0.278796292,0.831577695,1.211549519,1.623426873,2.111783487,0.442039763,1.654807902,0.670950802,-0.761912706,-1.374072021,-1.491495799,-2.033240095,-0.033668812,0.043552905,1.507542654,-0.217538489,-1.54016091,0.939367769,1.634630645,-1.052149618
-0.98000226,-2.902799005,-1.445380245,-2.107542841,-0.455108571,-0.686686176,0.694503289,-0.429190125,1.054380761,-0.134021704,-0.874214249,-0.221690617,0.258917027,0.111256844,1.905696426,0.887217483,2.260402252,-0.338541107,-1.888220999,1.151439613,0.084951225,-0.36446722,-0.324462129,0.533597459,0.484303276
0.539411024,0.802878377,1.108007552,0.148713257,0.836124919,0.200507972,,0.778176094,1.035928742,1.585187113,0.351067986,-0.733454596,-1.246062344,-0.204516757,0.694098636,-0.560369186,0.384025122,0.393643057,-0.286621349,0.660858478,0.874240263,-1.464591508,-0.078441894,0.037083319,-1.555878083
,,,,,,,,,,,,,,,,,,,,,,,,
,,,,,,,,,,,,,,,,,,,,,,,,
0.744742312,-0.345280923,1.468249995,1.75500662,-1.362709407,1.364680031,1.539473826,0.509928174,0.084469494,,0.608907241,-0.060513605,-0.854489846,-0.078183289,2.124563136,0.330388567,0.144714738,0.51629935,0.165691245,-1.447599954,0.656671458,-0.580956323,0.445398005,1.133299712,0.673864766
,,,,,,,,,,,,,,,,,,,,,,,,
,,,,,,,,,,,,,,,,,,,,,,,,
,,,,,,,,,,,,,,,,,,,,,,,,
,,,,,,,,,,,,,,,,,,,,,,,,
0.177977538,-0.961649428,-1.313807084,-1.196078235,0.299683504,-1.476361815,-0.965450261,-0.241252278,-0.682684551,-1.317602491,0.469750709,0.164840579,0.560899074,1.842929598,0.685456464,0.703613953,-0.291649789,-1.234370902,0.183757382,0.73657342,-1.598832873,-1.422934257,-0.78403927,0.85891491,0.110852602
,,,,,,,,,,,,,,,,,,,,,,,,
-1.099727405,0.314344086,-0.216098684,0.085285979,-0.419897678,-0.038128622,-0.436491571,1.109466352,-0.344334456,0.726407022,-1.905897994,-2.312522706,-1.076693825,0.826513583,-1.440290465,-1.244123992,-1.073702505,2.106314255,0.649374859,0.072257552,1.297666859,-1.267170267,0.711929267,-0.634218434,0.507392419
,,,,,,,,,,,,,,,,,,,,,,,,
,,,,,,,,,,,,,,,,,,,,,,,,
-2.08865931,0.101985494,-1.586849599,-1.402198689,-0.979178666,-0.837339644,-1.257133437,1.347820084,-1.103298253,0.642739912,-0.42581662,0.658636833,-0.429431887,1.349043194,,1.080878069,-1.466996269,0.851691038,-2.33129673,-0.72483709,-1.448988284,-0.049711794,0.122398692,0.023954503,-0.46666857
0.573913743,-0.239502994,-0.10631487,0.593250696,1.041180609,-0.058077817,0.383914819,-1.444825761,-1.599238584,0.99850928,-0.467235802,1.253670252,0.125996302,1.23967289,-1.451800203,-0.420707236,-0.585901958,-0.465096268,0.418021078,0.657859992,-1.051056158,-0.128281538,-0.513081421,-0.126258471,1.209046969
0.356858114,0.359138223,1.136875878,0.841572039,-0.593728175,-0.231861649,-1.021013621,-1.356584241,-1.445453634,0.486870301,-0.985564618,-0.617223425,0.47120998,0.677372604,,-1.565786321,-0.36039824,-0.149002198,0.487411009,-0.359087403,0.339872569,0.322835435,-1.199108125,0.087748708,-0.916351363
0.082368487,0.301250021,-0.291219286,-0.497470808,-0.035091395,-0.472428387,0.620758826,-2.043084753,0.885148549,-0.392710908,-1.271816779,0.245585242,-0.096032783,-0.754924882,-0.989016846,0.238714291,0.525882944,0.626294532,-0.235229233,-0.098531617,,0.342851492,0.071747433,0.08254517,-0.742481913
,,,,,,,,,,,,,,,,,,,,,,,,
-0.151605076,1.760601891,-0.724456988,1.423990703,0.65161428,0.884501703,3.291436345,1.640272706,0.493580886,2.353262891,0.905551891,1.620487862,0.287454387,0.460814138,0.785944943,1.197026504,1.247236238,-1.010134114,-0.060996111,-0.74109429,-0.578921383,-0.635596804,0.020150064,-0.387772915,1.046800452
-0.496587168,0.172781601,1.107259931,-0.454389077,-0.011346257,0.381810809,0.496861233,0.151893221,-0.916191807,-1.205851904,-0.296326214,1.368031217,-0.09466872,0.535013776,-0.574914819,-0.193096909,0.249141998,-0.576552908,-0.710560763,0.963976586,-1.131347646,-0.058995195,-1.066240856,-0.108705968,-1.170151419
-0.255200561,0.724763153,-0.603007624,0.292192847,-0.108119859,0.552590875,0.254595552,-0.663937767,0.148288323,1.725428314,-0.192623847,1.445893107,-0.575872274,0.038541796,-0.75916575,0.067351089,-0.390293674,0.698899146,1.67795541,-1.347596352,1.658245291,-0.189734898,0.481803562,1.363221239,
-2.002860866,-0.956365259,-1.90913641,-0.769170225,-0.439559838,-0.87814377,0.043143299,0.216479176,1.241197505,0.861330358,1.358501918,0.267507291,-0.924274779,-0.669999026,1.229413053,0.215657692,-0.212394758,-0.939213876,0.37529137,0.306550968,-0.474955799,2.060682225,1.035156382,-0.57871895,-0.054747095
-1.039394485,-0.888959097,-2.556178085,-1.47562636,-1.644570163,-0.7414719,-0.821220997,-0.193661341,-1.061106272,,0.398487179,-1.063412961,0.13719069,1.657460368,1.017294964,-0.305563883,-0.081569154,0.028799619,-0.795484827,-0.090898997,0.031292304,-0.383894672,2.213034163,2.255340013,-0.433733524
-0.838967652,-0.189402319,-1.571449807,-0.193865725,-1.293815089,-0.499482315,-0.653509052,0.658584223,-0.570014012,0.369007938,-0.828886138,0.00023486,0.013521203,-0.838018897,0.263847547,-0.453553303,0.566244417,0.031060803,-2.052645005,0.827341796,0.083644602,0.289665312,1.44184403,-0.635164453,1.097806366
-0.836614745,-0.044844037,-1.696302446,-0.898821016,-0.112453198,-0.801952364,-0.818674991,0.083501104,-1.160481106,0.246959522,0.841323747,1.025130925,0.519996022,-0.713590317,1.45519325,0.045502523,0.187448196,-0.777074052,0.590617682,-1.374373962,1.105620453,0.465926488,-1.00535839,0.240059217,-0.802670829
-0.495381506,-0.070683322,,-0.238677981,-0.312270247,-0.792721864,0.931183743,0.068835321,-0.807696736,-0.66744461,-0.618705636,-0.835835314,1.410028936,-0.775871153,0.493479428,-0.409821801,-0.147159795,-1.777247249,0.696149194,-1.530791123,-0.952466565,1.400524291,0.858082738,0.571206503,2.285676154
1.912143643,1.289834866,0.715487698,0.621467245,2.37793705,2.374377777,,-0.034590993,0.358287389,1.282754396,-0.448040613,-1.472194428,0.139074456,-1.019636106,-0.728896857,-0.376626287,-0.162699944,-1.094301654,-0.215776851,0.750044386,1.168260834,-0.811184592,0.256523921,-0.291755905,-0.176641789
-0.739736972,-1.595299151,-0.975067839,-0.653472382,-0.544850069,-0.872382045,-2.523383095,0.290882585,1.084516759,0.469313707,-0.962947554,-1.01938489,-0.565504528,1.286901208,-0.737241039,1.909896041,0.579353418,0.399088685,0.603675482,-0.390922142,-1.278720716,1.339647829,-1.152099161,1.382363212,0.149841704
-0.749533602,-0.52892377,-0.676443964,0.278342838,1.143308822,-0.6101643,-1.541186518,-0.013143389,-0.364999669,,-1.215916618,-0.787285845,-1.967413175,1.148376539,,0.933997412,-0.910152326,0.43315618,-0.348270528,-0.090802104,1.165720258,-0.147395574,0.283795212,0.545211783,1.542905016
0.697495564,-0.010557467,2.226012831,,1.395747641,0.418586013,1.238868215,-0.558590822,0.404675898,-0.059692941,,-1.097801149,-0.860304816,-0.234902312,0.5262871,0.108972817,0.117046555,0.276665355,1.067215275,-0.659749161,-1.715299585,2.50134523,1.918676698,-0.204902359,0.175929679
,,,,,,,,,,,,,,,,,,,,,,,,
-1.976207275,-1.750578895,-0.03342997,-0.236979031,0.198161433,-0.1317066,-0.030801528,1.124903627,0.674951051,-1.636008491,-0.104431298,0.513271796,-0.89021977,-0.242338908,-0.211725594,-0.975291276,0.762129421,-0.796640199,-1.638925371,0.29921621,1.625437222,-1.228929129,-1.013449806,-1.015491781,-1.953158467
0.548633611,-1.098207767,0.194243044,0.732238727,-0.354377239,0.021468476,0.953332055,0.354643298,-0.532021921,0.336298487,0.483617875,1.539898494,0.25251921,-1.038309224,1.126282355,2.275865802,0.508932649,-0.722078293,-1.395191844,0.240664088,,-0.197158673,0.013717217,-0.56548352,-0.44259704
0.836966426,2.21356455,-0.048408274,0.773445125,0.383915156,0.305378538,-0.563841984,0.335359666,2.053500679,0.725388458,0.340880948,-1.035770797,0.224105866,2.144450716,-0.044688079,-0.266297857,1.614509141,0.485706614,2.031281723,-1.169620468,0.421242289,1.336269357,0.49167443,0.562570432,0.396733778
-0.637373683,-1.55278552,-0.988971034,-1.921366294,-2.119785633,-0.486734916,0.566812184,1.439076954,0.008531271,-0.674841939,0.495517065,0.650200337,1.700261229,1.265167342,-0.675536843,1.83132668,-0.977035422,-0.162673689,0.93219635,0.501505553,-1.048415142,0.081541154,-1.729903602,0.801466425,1.081419298
-3.201755178,-0.809027257,-1.659426707,-1.621460365,-2.451207368,-1.615565487,-1.558962614,-2.379577873,-0.790342914,-0.163544272,-2.730350721,-0.169451208,1.025340449,0.909544517,-0.585114859,2.390029795,1.610673608,1.406937812,-1.262381005,-0.992212919,-0.734801244,-0.059625408,-1.695437764,0.322621885,0.769696558
-1.749981696,-1.210785864,-1.440783203,-2.738761501,-1.104376098,-0.175259186,0.283377774,0.848923478,0.262528932,-0.228545349,-0.942863579,0.235560424,2.22473992,-0.263811565,0.050873399,-1.071417461,1.348691423,0.849725573,-1.570380038,-0.658553028,1.344395821,0.718997164,0.154627844,-0.127192322,0.676032108
-2.281748803,,-0.424754547,-1.251016902,-1.512617989,-1.915823993,-0.355866259,-0.428176989,0.270590217,-0.487246399,0.460558747,-0.879182683,1.106570328,0.260503925,-0.67884682,1.783327793,0.298936022,1.618383371,0.207772066,-1.365347665,0.472339491,-0.344997691,0.16767505,-0.251444068,1.061057842
0.178407065,-1.505497805,-2.013309681,-0.668211105,-1.20457027,0.119785077,-0.473544358,0.66267327,1.028360459,0.550512279,-1.351833649,-1.173415238,1.326172459,-0.274146607,2.157596858,0.093518163,0.010057372,-0.069946284,-1.142315392,-0.156541475,0.890249247,-0.210733176,-1.838818933,1.131400926,0.475019653
,,,,,,,,,,,,,,,,,,,,,,,,
-2.5492351,-0.433606189,-0.746451979,-1.723752452,-0.268859562,-1.230961715,0.677724808,-1.014583398,0.707778633,0.780718058,-1.140195171,0.118554732,-0.650140686,0.595848527,0.230864305,0.789091978,-0.894311059,2.148125977,-0.04727919,0.226694989,-0.281731484,1.728820781,1.086962703,-0.872238772,1.442203253
,,,,,,,,,,,,,,,,,,,,,,,,
0.311774387,0.989484276,1.18918907,1.167959797,0.165753409,0.045556959,0.401600248,1.670950079,1.637795083,1.045329147,2.170972202,1.900371829,-0.465412482,-1.763701382,-1.626770536,-0.002932525,-1.584927982,-0.005353895,1.126538282,0.109146318,0.259353034,0.16946666,0.059811786,1.513461313,0.313625007
-0.241574317,-0.406782599,1.37963023,0.49731615,0.80105627,0.703887672,1.415252257,-0.122699889,-0.126760823,0.093244173,0.714386908,-0.284662035,-0.440650606,2.043545477,0.001263838,-0.722022644,1.560842625,-0.71278307,1.834756239,0.103613972,-0.169960001,0.479884548,0.571411717,-0.718761612,0.181004761
,,,,,,,,,,,,,,,,,,,,,,,,
-0.483432734,-1.833660434,-0.597508554,-0.190581874,-0.728869782,-1.762981684,-1.145306012,-1.346781724,-0.19057301,-0.481654337,-0.091719781,-1.003283512,0.701920111,0.737698988,0.197129732,1.528592509,0.460772118,1.342918541,-1.130659164,,0.953908297,-1.253862795,-1.668622502,1.350906435,-1.106040684
0.687501686,1.104564487,0.944225913,0.299535249,-1.944352611,-0.217663726,-0.394794679,0.706237338,0.464621298,0.092692419,1.709229522,0.568559375,-0.832954304,-0.308265302,2.274035546,0.419769287,0.464037759,-0.37310472,0.388846155,-1.039994354,0.440026312,-0.998764028,-0.905121192,0.542107291,-1.938693264
,,,,,,,,,,,,,,,,,,,,,,,,
-0.199783617,0.120820469,1.945828681,1.036342389,-1.413034018,-0.725766955,-0.339683032,-2.25752397,0.705997338,0.038355235,-0.033958728,,-0.891215926,0.043691099,1.293994894,0.605931576,0.519421326,0.371087042,-0.403215156,-1.755248369,1.179252734,-0.779879309,-0.860827051,-1.015694095,0.826238437
-0.433735042,-0.507600637,-0.133028588,0.769843591,-0.43479927,-0.320906459,0.70630127,3.225903096,1.467954285,1.230111414,-0.314435619,2.115211978,-0.505027788,-0.585007656,0.907297493,-1.559940066,0.557652438,0.057598913,0.850358892,0.575623608,0.243812499,-2.072017222,1.466968498,1.869888473,-1.446621863
-1.666009063,-0.018415232,-2.824524886,-0.745109014,-2.030001329,-1.463940318,-0.372767732,-0.297312336,-0.533570193,-0.222414608,-0.101020349,-1.418068617,-0.287265049,1.243143091,0.606004362,-0.150412558,0.203232202,1.335379915,-0.837135593,-1.102749192,0.263398839,0.386978323,0.634475938,-1.041164592,-0.88028097
,,,,,,,,,,,,,,,,,,,,,,,,
-0.047928105,0.386863137,-0.191899382,-0.7242822,0.561302905,0.983936957,-0.039601871,-0.362238581,0.318095166,-0.247949114,-0.150441049,1.321879836,0.457192414,0.605319071,-0.187103749,0.624957761,-0.347412822,-0.208296504,-1.161942282,-2.445236264,0.66870662,0.631219274,-0.214335758,0.372503639,-1.027424675
,,,,,,,,,,,,,,,,,,,,,,,,
-0.540351719,-1.6373775,-0.57931902,-0.169338808,-1.057961234,-0.206444981,0.336769424,-0.57003222,,-0.881023845,-1.44733083,-0.779308561,-0.088623069,2.129419476,0.446753654,0.987770058,2.39599958,1.50679073,-0.116454979,-1.639220677,-0.188585054,-0.249812329,-0.646239391,0.573805205,0.081821516
0.467197763,-0.898142337,-0.869648225,,0.439300146,-0.879273601,0.521114123,-0.822722372,0.388338006,1.013744128,0.385509487,1.11359217,-1.198792756,0.325621238,-0.029210772,-0.049889622,-1.099785712,-0.524020318,0.608122899,-1.199934629,1.983664154,0.052238183,0.851583854,-1.467772125,0.282642739
-0.931544256,-1.765542631,-0.103400508,-3.813677484,-1.86266969,-1.053020298,0.959999092,-0.893341272,0.346159448,-0.129079388,-2.324654637,0.823401764,-0.33273867,1.174616687,1.705633944,-0.523967233,-1.64266831,0.183703234,1.778061609,0.299057038,-0.733800821,-1.13849333,1.383179691,-0.210399384,-1.047225948
1.976457285,1.693265528,1.335308865,1.283267002,-0.411993409,-0.07346117,0.51946983,1.519129987,-1.487333733,0.831819194,-0.295537498,1.073346494,0.508643655,0.363037842,0.452511466,,0.430781738,-1.673260199,-0.388895421,0.618714984,0.745971839,-0.825453088,1.216140965,0.677688747,0.140942917
,,,,,,,,,,,,,,,,,,,,,,,,
-0.353319425,1.111255952,0.911127744,0.799244909,0.771405437,2.93867327,1.697316335,1.218411702,1.433946228,1.645274195,0.534675243,-0.041341191,-0.243021683,-0.699690866,-2.5042123,-0.183487557,1.20065697,0.540183207,-0.202103889,0.892606052,0.454713627,-1.144342925,1.251024997,-0.572453276,-1.273200524
1.198438831,0.461303973,1.050155507,1.40373917,0.216047161,0.757842084,0.403165121,-0.77795679,0.03072915,-0.957014972,-1.568542287,0.704183104,1.165066916,-0.697165887,-1.01156486,-0.017119718,0.747875786,-0.147791235,0.299317623,-0.796554253,1.233423318,0.713817659,-0.522238017,-1.021710045,0.214842976
-1.733709436,-1.604715078,-1.428031719,-0.683860211,-2.046093829,-1.49972006,0.482698368,-1.112501985,0.386180194,-1.182156453,-0.720608676,-1.315953362,1.91450603,0.56651412,0.038413328,0.864917973,1.614426985,0.478316664,0.201900088,-0.399691947,-0.311578427,-0.30737898,2.485881338,0.213713107,-0.71658323
-0.030034775,0.176544142,-0.075565146,-0.338895687,0.564622843,0.001113481,0.61785574,1.757486999,-0.197086679,1.480603032,0.361551716,-0.888006142,-0.497651608,-0.774655616,1.280498545,-0.607684759,1.431308187,-0.260922634,-0.15742281,-0.302077942,0.601836342,-1.449436602,0.240849541,-1.312462646,0.123915181
-0.974602199,-0.05992113,0.380288955,1.306221021,0.799192817,-0.749027284,1.492074613,-0.982811463,-1.055404755,0.421494008,-0.244777735,0.158208726,1.260908089,0.468113962,-0.17561832,0.870410605,1.241301155,-0.422505441,1.487714941,-0.538395858,0.265557281,-0.559028979,1.146794162,1.284270596,0.723079003
0.136285944,0.737920948,0.011344692,-0.139914062,0.011458579,1.897416095,0.064596452,-0.43724883,-1.006444812,1.353869231,0.575134804,0.104275548,-0.71021022,0.407209637,-1.796759803,0.764734473,0.317328808,-0.266761493,0.13621454,-1.934178574,-0.641301494,0.101202565,-0.362008859,0.157408764,-0.176259021
,,,,,,,,,,,,,,,,,,,,,,,,
,,,,,,,,,,,,,,,,,,,,,,,,
,0.883899475,-0.46558444,0.407011908,0.302361778,0.263851804,0.979653818,1.297934449,2.285726482,1.054847484,2.447812092,2.80390417,-2.291508589,-2.020577688,-1.766419203,-0.903768733,-0.242121255,-1.326251847,-1.746710687,1.078182764,-0.434549932,0.57403635,-0.928833674,-0.633056666,0.907830095
-0.149167965,-0.355729137,,0.011207127,-0.082641786,-0.205176489,-2.257868265,-0.435322625,-1.183782183,0.09483163,-1.408292434,-0.19874613,-0.453537352,-0.663032962,2.215012105,2.955967674,0.326238399,0.946235996,0.329231936,-1.285944416,,2.401700276,-0.95844337,-1.561931068,0.40310994
,,,,,,,,,,,,,,,,,,,,,,,,
-1.746109569,-2.584875175,-3.490122603,-1.317982864,-2.298656279,-3.117031699,-2.041859469,-1.275032299,-2.447003888,-1.227681264,-0.223642243,-0.594710314,-1.279540749,1.232872927,0.480139156,1.117408176,1.734806837,-0.063812546,-1.059330535,1.203491226,-0.028934263,-1.636370344,1.105332544,-0.802846591,0.385095304
-0.589199559,1.19907512,0.947194049,1.170175829,-0.282784607,1.462484675,-0.352011861,-1.093191981,-1.235424059,1.265306901,-0.798952647,-1.203345604,0.927816916,0.338436605,0.052772719,0.43593983,-0.544715084,0.169804302,-0.04437236,0.293288861,-0.429223835,-0.360232485,-1.831427644,0.399671762,-1.667260366
0.7878914,-0.996172199,0.165148699,-0.940062057,0.625957446,0.263154659,-1.919355485,-0.163880898,-0.60369285,-0.878494251,-0.956694382,0.065408712,2.343734821,0.510673911,0.255494089,0.425556454,1.200987278,0.283187421,-0.143851434,0.549379686,0.751311989,-0.266641292,-0.36284922,,-0.792070657
0.393235788,1.490129659,0.115619423,-0.692544461,0.176178717,-0.388262774,0.564931456,-0.057615766,0.601049571,-1.147584093,0.213048338,0.092256817,-0.454208086,-0.273476964,-0.97889776,-0.055656186,0.062494631,0.807202822,-0.624500524,0.453433623,-0.479683356,0.575070922,1.309872623,0.965997232,-0.211257067
,,,,,,,,,,,,,,,,,,,,,,,,
-1.482916509,-1.00837868,-1.957778679,-1.491568143,-1.109399707,-0.154476454,,0.540431228,-0.921617872,-2.152172479,0.212802618,-2.231119296,1.850944989,-0.180313991,0.818294134,0.899132192,-0.454159145,1.086322672,0.405081671,1.821049995,0.594460143,-0.531252164,1.253900663,1.125234371,0.357738759
-0.901873249,-0.511479233,-0.772946201,-1.428847441,-0.537009518,-2.096447573,0.174560236,-0.093746875,-0.726518973,-0.342371733,-1.13013427,-1.903765465,0.542951209,0.254789843,1.632224459,0.640594716,-1.175730888,-0.279233878,-0.225811702,0.091540658,-0.375249147,-1.244411876,-1.127792977,1.386110435,-0.806951875
-0.360112351,-0.372241627,0.119737294,1.587795141,0.185429367,-0.390116974,-0.433113278,1.090699726,-0.617065431,-0.034704203,0.534337344,-1.113699483,-0.132511605,-0.754003735,0.742962226,2.300158054,0.32728948,0.623084714,-0.590993591,-1.011343277,1.829717591,-0.602265723,-0.916541614,0.25821517,2.008708705
-0.075625854,-0.624631628,0.678142835,0.140532404,0.015627051,0.775574977,-0.099571571,1.43127634,-0.196205393,0.968673352,,1.872368888,-0.514463434,-0.81996669,-1.390504506,0.670395695,-0.350264631,0.640230741,-0.861672026,0.638797486,-0.74523465,-0.564965547,-0.147221778,0.318526575,-0.102458309
2.972846904,1.310690598,2.80871157,2.491702117,3.632548679,2.247235344,1.007591526,,2.74944313,0.837253523,0.71086494,-0.114361247,-0.215052818,1.604002468,0.190823364,-0.234561317,-1.442055499,0.277199851,-0.129985066,-0.566551674,-1.409014086,-0.313005813,1.873459068,-0.557473799,-0.007687796
2.321835432,,2.660599877,3.590685181,3.75018027,2.256334157,1.98531114,,1.948662648,2.022185484,2.541145732,1.927783436,-0.232627218,-1.246339601,-0.591957653,-0.501848823,-2.708346475,0.304063339,0.924483569,-0.109936976,0.856099137,-1.186512737,-0.640007196,-0.987624701,-0.670749107
-1.308523147,-0.011703646,-1.925294129,-0.494888328,0.089052424,,0.108574008,0.80367595,1.749866495,0.84237333,-0.400753255,0.258592793,0.270581114,0.105264706,-0.707292202,1.510540588,0.24439651,0.118157198,,0.370181002,-2.149407941,0.982025739,-1.732962788,1.282074509,-1.00337676
-0.487660636,-0.879201644,-1.0088638,1.501916501,-0.342975666,0.317841674,-2.120391773,-1.332313607,-1.481015919,-1.266384958,-2.637230288,-1.481903755,0.73105511,0.564620999,0.510225729,-0.527045566,0.189983778,1.460490374,-0.237122022,-0.821354315,1.491816826,0.472213863,-1.401936047,0.605743712,-0.126303171
-1.471194118,-0.167320545,-0.696536236,-1.328548502,-1.377576702,-0.374726274,-1.654686062,-1.882149279,-1.676048559,-2.165534822,-1.486971344,-1.712659395,0.700133587,1.276729747,1.261274664,0.581756729,0.103892074,2.207978155,0.308490425,-0.510294748,0.101753877,-1.448829773,0.93194819,0.686829056,0.027550724
,,,,,,,,,,,,,,,,,,,,,,,,
-1.168004233,-1.198829252,-1.700622009,-1.616773139,-0.80143324,-1.253382315,0.88478081,0.252424682,-0.788490045,-1.660322755,-0.081974969,0.138268599,1.092474133,1.406812507,0.716748384,0.787425841,0.069811736,-0.258384944,0.490414035,-0.548644971,-0.948464502,-1.56525488,1.187964575,1.623921504,1.655155943
0.639903668,0.428790281,-0.394248532,0.72543097,-0.879439505,-0.233055696,-0.84806494,0.27036095,-0.185046485,0.318678966,-1.556359993,0.389843388,-1.010787567,0.544581015,-0.631280874,0.908731417,0.568371878,-1.200755598,0.260200982,0.973385316,-1.634088676,1.342255726,0.069790821,-0.228613925,-0.126309351
-0.192323227,-0.291598622,1.659357172,0.438194251,-0.345725495,-1.147316951,-0.373873962,0.5980937,-0.677100595,-0.258004819,-1.534261077,0.998591741,0.771680958,-0.944214057,2.007782719,-0.681806167,-0.082750806,1.169263592,0.638529504,-0.986157598,0.382882953,,-0.032271227,-0.801840713,-0.085929274
-1.026958214,-1.782748762,-1.527032081,-1.569004969,-1.885527959,-0.165052374,0.798085671,-0.300783769,-0.581701245,0.463158958,-0.118247982,-0.739549785,0.729439795,-0.047476789,-1.687079446,1.340848826,-1.020396884,-1.30840223,-0.158013737,-0.989524376,-1.326914171,-0.055737294,0.297304246,-0.573674125,0.815295478
-0.571574046,0.533404806,1.023932833,0.378129941,1.819034005,2.301194039,2.521012239,1.408983271,0.885513703,0.826176892,-0.158474174,1.751973413,-1.399481975,-0.528026569,0.14697302,-1.020085074,-0.42540554,-1.974951187,0.184067821,1.906055866,0.502089031,-0.852645167,-0.800920336,1.571191617,-0.171065829
0.230948003,-2.368663038,-1.081673024,0.941021759,0.414631696,-0.274612253,-0.40297777,-0.729731424,-0.257304028,0.448496729,,1.207256785,-0.60198771,-0.251315908,0.275120118,-0.363188297,0.886025722,-1.042620411,-0.488955424,-1.530226442,-0.304824151,-0.664269328,0.137871921,-1.111047626,
1.040707096,0.211831222,1.903233491,1.241948486,1.106907046,1.237761069,-0.632718402,-0.998604038,0.238353862,-0.231371949,0.161867576,0.751686188,1.964849289,0.513889315,0.634171247,0.163131517,0.091763025,-1.508958617,-1.550553321,-0.026716529,-0.47536414,-0.453742082,,-0.75112251,-1.279044738
-1.504208526,-0.212591376,-0.349465123,0.052291071,-1.037611585,-0.116170873,0.207036752,-2.221678188,0.124996155,,-0.533192212,-0.248662526,0.290944799,0.933731484,-0.275054503,1.79725554,0.424060002,0.60742104,0.342835852,1.851483848,0.509345967,-0.106827236,1.34889093,2.898509319,-1.271144521
,,,,,,,,,,,,,,,,,,,,,,,,
-0.957741087,-1.433740571,-0.065485441,-0.701680808,-2.682886782,0.082403702,-1.06510367,-1.076403429,-1.123097556,1.254446851,0.082140445,-1.159106777,0.890999084,0.47523159,0.073025155,0.432330181,-0.630489661,-1.351046853,-0.287712958,1.346770669,1.145802872,0.95560181,0.438880635,-0.733055845,-0.231617586
-0.489051265,-1.443294459,-0.014941335,0.530735422,-0.754130492,-0.996088454,0.434946386,-0.540728223,0.316364962,0.45855639,1.256998618,-0.45895864,-0.676583792,0.09589783,-1.048769552,0.716177872,-0.811783782,-0.018862095,1.035821069,0.652474864,-0.633778336,0.971004504,-1.034750302,-1.081447359,-0.809024782
,,,,,,,,,,,,,,,,,,,,,,,,
0.489762052,0.484447369,0.874319384,-0.516197634,-1.077814302,-0.032573326,-1.054279758,-0.302900922,0.098385235,-0.064747723,-0.068782334,0.370600791,0.422196511,0.654507284,0.066638479,0.499264847,1.01750717,-1.72840087,-1.771384412,-0.130645261,-0.635327133,-1.153611724,-0.373832034,0.097114146,0.209100094
,,,,,,,,,,,,,,,,,,,,,,,,
,,,,,,,,,,,,,,,,,,,,,,,,
-1.358361152,-1.698105393,-0.884060368,-0.65423954,,-0.00314472,-0.746705504,-1.072087664,0.80683475,-0.916747598,-0.461691722,-0.62592892,-0.316690716,0.667254369,1.358759471,1.933732126,0.680754808,0.093589372,0.338036355,0.232218506,-0.424096731,-1.201100097,-0.821529797,-1.893983581,0.216616549
,,,,,,,,,,,,,,,,,,,,,,,,
,,,,,,,,,,,,,,,,,,,,,,,,
1.744233504,-0.192793102,1.616457662,1.214157208,1.208661965,0.748149208,0.607963873,0.71365974,0.220993687,1.158357041,0.226842356,0.666469938,-3.075252136,-0.285693107,-1.061680225,0.467898545,-1.037700503,1.186925907,0.963798803,0.280958066,0.002954967,0.545345392,-0.162785921,2.787670056,0.533935141
-1.428521818,-1.039418765,-2.225418047,0.24396701,-0.958251359,-1.066357307,-0.299758493,-1.05916684,0.060672045,-0.568512124,-0.727903961,-1.569060387,0.631296624,0.576926964,-0.494911179,-0.280024842,-0.139302472,0.0055167,-0.924974093,0.630145321,0.506301606,0.505189473,1.851086664,0.885902502,-0.02383603
,,,,,,,,,,,,,,,,,,,,,,,,
,,,,,,,,,,,,,,,,,,,,,,,,
-0.584189199,0.497501557,0.113670382,0.929538546,-0.058749796,-0.82527498,1.127572748,2.878478542,0.812363828,1.66073509,3.148046421,-0.00179996,0.02963651,0.044752343,1.263037016,1.941261679,-0.174956498,-0.151186761,0.979839781,-0.086049067,0.191282897,-1.56738533,-0.90994364,-2.119985299,-1.013211352
1.766468629,-0.541020505,1.055794081,0.5299477,-0.616984894,-1.338414762,1.552872621,0.453333156,0.592674437,3.035981004,0.447696468,2.540497422,0.545809221,-0.693734713,-0.87979843,1.943056227,1.094653009,-0.182683528,-2.012620612,-0.081187351,-0.917183943,-0.152749214,-0.203342169,0.038849686,-0.131755481
-1.506721132,-0.406479756,0.672068281,-0.158996596,-1.124836221,-1.6533135,-1.403422188,0.144145385,0.137269975,-0.175951552,,,-0.584663457,1.054090301,-0.134105631,-0.044393619,1.170542684,0.604445271,0.28167087,-0.350654482,0.569157816,0.618543544,0.203902635,-0.099369489,2.025812523
-1.21028537,-1.775648526,-1.263893261,-0.993386115,-0.752345798,-2.345536212,-1.010624595,0.71955195,-0.002242128,0.665945084,-0.713644774,0.689171326,-0.696794092,-1.434473119,-0.48484634,0.48213834,-1.228204993,2.004985209,-2.197590593,0.444211029,-0.285465188,0.358597526,-0.72530683,-0.267807521,0.565786642
,,,,,,,,,,,,,,,,,,,,,,,,
1.065646113,0.392668443,1.412480334,-0.293725211,1.558749158,0.691885469,-0.535274653,0.627781746,-1.092017844,0.703361228,-0.573420051,0.037105662,-0.480679785,-0.140187205,1.001350945,-0.46986481,-0.170817228,-0.612496971,1.093656808,0.624936391,0.220024005,-1.098325623,0.615428415,-0.74835402,0.707216167
-1.822483287,-1.319496658,0.85789502,-1.798644257,-0.449412156,-1.634005951,-1.545789461,-0.476891954,-0.899479427,-0.844323321,-1.197047136,1.166875055,1.363452365,1.028092816,-1.226045338,0.266912567,0.709619372,1.546273078,3.009770133,-1.00908731,1.601545484,0.287071622,,-0.977642127,-0.758886608
-2.817560523,,-1.170072075,-1.937450208,-2.417016137,-2.764700584,-1.495742132,-0.912351164,-1.299428433,-0.520188978,-1.268399678,-1.827739478,0.290974864,-0.273527916,-0.784036366,0.392420726,0.227368547,-0.040878987,-0.238823834,0.146848458,0.381583702,0.510845014,-0.151083277,1.389507798,-0.004857377
-1.174039984,0.261050814,-0.455666357,-0.860308746,-1.234357684,-1.307406515,-1.54380557,-2.709932437,-0.211188901,-0.827186377,-0.084189695,-0.735344877,-0.655061424,0.528263372,1.785236186,-0.921322516,0.358600147,1.157822306,-1.247115878,1.552067321,0.073218953,-1.107203845,1.090911301,-0.886528297,-0.588860604
0.478192796,0.607254486,0.684159774,-0.716991109,1.781728337,-0.476978639,0.758883783,-0.665449545,0.064079882,-0.114634385,0.37409781,-1.223760888,-0.805228594,-0.00583869,,0.176315218,-0.475619716,0.507404856,-0.513492174,-0.224623497,-0.69237082,0.392592639,-0.257617439,-0.276148059,2.022754813
,,,,,,,,,,,,,,,,,,,,,,,,
,,,,,,,,,,,,,,,,,,,,,,,,
-0.525161553,-0.206072064,1.753284665,1.016086669,0.230350338,0.646199154,0.289832558,0.005230751,0.404772454,-0.152108642,-0.228101007,1.670410416,-0.157117177,0.614116993,-1.187002584,-0.028242586,-0.34309588,0.341288851,-0.924823676,-0.056508192,-1.525480146,-0.883841822,-1.1069663,-0.851830341,-0.685323804
-0.460099882,-0.165717254,-0.413278047,1.658246293,-0.336124037,-0.593635055,1.711995084,1.722465629,0.135014003,1.588540208,-0.148878344,0.13075041,0.854129663,-1.761343864,,-0.424344576,-1.759347544,-1.671285956,-0.426850006,0.116618502,-0.195088222,0.080513458,-1.702968921,0.978068022,0.738828079
,,,,,,,,,,,,,,,,,,,,,,,,
,,,,,,,,,,,,,,,,,,,,,,,,
-0.306361985,-0.206339364,-0.716786063,,0.334621046,1.000192046,0.625177695,-0.869903622,-0.790993778,0.459109149,-1.06904582,2.073894663,-0.623755451,0.889221991,,1.400267101,0.446363392,-1.128953498,-0.8816028,0.880174858,-0.118180305,0.242130029,1.283591014,1.643098586,0.718117795
-0.083040948,-0.172948588,0.508439119,0.656654619,2.007424461,0.53396797,1.469387984,-0.231202224,-0.160295377,-0.034894006,1.491337984,,-0.169320869,-0.027083349,-0.621834072,0.05805574,-0.669073571,0.059924864,,2.192713164,-0.071482837,-0.599101855,-0.660518508,-0.969227713,-0.693533869
-0.738081604,0.960582226,-0.298308258,-0.068320323,0.040063083,0.89979616,0.54964132,0.71707436,-0.294246467,0.819893977,-0.172715819,2.192450668,-0.374625122,0.260370029,0.513052291,-0.32791065,0.861521878,-2.413123055,-0.41385855,0.48042927,-0.055907894,0.359592706,1.81483752,0.720904712,2.916202578
1.525304239,0.914484753,1.481828799,0.40244497,0.2626294,0.184368178,-0.303238312,0.436960847,0.306579009,0.661941682,-0.102364574,0.468143717,-1.941901255,0.788355859,-0.594511794,0.017577076,0.681124001,-1.753619061,-0.999426398,0.541320961,1.23464187,2.142413239,0.027197354,1.004610868,0.555426134
0.602888796,0.523280201,,0.285729964,-0.390884043,0.596870037,0.355730457,0.486648766,-0.995093531,0.492030133,-0.342496183,0.162245236,0.850321525,-0.348479555,1.065635942,-1.846683896,-0.126436655,0.7341115,-0.707144996,-0.182592686,-1.311557861,0.740122921,-0.115529547,0.309897802,-0.550661949
-0.838433305,0.353084697,-0.932783541,-0.299606652,-0.070925075,-0.598181656,-1.573085426,-0.768634424,-1.020586595,1.158791847,0.641582571,-0.165805488,0.575711413,0.977191274,1.528188668,2.321876061,0.653953732,,0.643636001,1.157789099,,-0.059167014,-0.849938141,-0.117530822,
-1.737699487,-1.966292825,-0.362346864,-0.862530505,-2.036274165,-2.385137373,-0.921707922,-0.440945737,0.924133009,-1.095928491,-1.18070889,-0.391530831,0.828968945,,-0.383851543,0.725797849,0.071565722,0.140058077,-0.230320961,-0.039271618,-0.03283532,-0.833612971,1.951355169,2.125704035,0.630833627
0.587810339,0.830328185,1.999043568,1.56471225,1.366395421,1.130809784,1.90477786,-1.163621308,-0.67426577,1.207210166,0.923529944,0.815248271,-0.200175542,-0.655435875,0.16376861,1.388185528,-0.013625827,-1.310745198,-1.753486959,0.267220098,0.580211234,-0.616491501,-0.150288878,-0.013845394,0.592794479
,,,,,,,,,,,,,,,,,,,,,,,,
1.70964384,-1.459671817,-0.125915118,0.20211494,0.214048985,-0.943320218,0.654231024,0.366384266,-0.708993931,-0.264471417,0.340106831,-0.113576147,0.335422749,1.936523152,0.111445622,-0.94304912,1.679083053,0.686897022,0.41671982,-0.52934187,-1.726023572,-0.885802572,2.457668669,-0.336526774,0.966482154
,,,,,,,,,,,,,,,,,,,,,,,,
,,,,,,,,,,,,,,,,,,,,,,,,
-1.957884387,-0.817548327,-1.892259037,-2.237250008,-1.712880185,-2.5535736,-0.376788852,-0.018409195,-0.638676992,0.476785792,0.874831316,-0.388121397,1.036602981,0.67467121,1.095699556,0.691886286,-0.322650639,0.414636214,-0.792098829,0.934939742,0.993719818,0.150392393,1.681560221,-0.275305341,2.108054104
-2.255412368,-0.837864812,-1.150317641,-1.675282388,0.040929415,-1.838301554,0.159439939,1.80504926,0.793225138,-0.893520718,0.280515387,-0.195498358,0.774971149,0.611155637,-0.141665715,0.48039804,0.692278344,0.836277671,0.676905709,-1.579180915,-1.384321136,-1.079131791,0.614462582,-2.108530461,1.968887818
-0.282251997,-0.521608028,-0.964277721,-1.357398293,-0.703902416,-1.170006555,-1.217040694,-1.056149139,0.99428681,0.314500476,1.328528718,-0.275531462,-1.788843516,-0.002704422,-0.747792153,-0.790469823,-0.529590371,-0.405770699,-0.371652226,-1.477779775,-0.855737427,2.177847853,0.974889357,0.513570183,0.800964895
-0.41197389,-2.12670851,-2.017265261,-2.842169637,,-1.225676804,-0.719504378,-0.22842546,0.205288703,-1.707266443,-0.472329764,-0.826459449,0.124670606,-0.161658399,0.774097678,-1.198708422,0.628251387,0.242505208,-0.072773334,0.584137101,0.16485084,1.762448298,0.054325072,-1.078334441,0.038696718
-0.903125441,-0.63109624,-0.457958065,-1.31002353,-0.132992894,-0.723068455,2.03447968,-0.394874372,1.403199878,1.63160993,-0.915668122,1.475814847,-0.859124261,-3.224689851,-0.750582996,0.256628154,-0.321664059,0.036106787,-0.18919442,,0.472856448,0.501176558,0.733732287,0.741876442,0.055885883
0.647142373,-1.145808035,-0.593583283,0.938799207,0.806196327,-1.499107595,-0.11341138,-0.928314303,-1.626897203,-0.017420072,0.088441929,-0.595852184,1.211156108,1.438533407,-0.740946908,-1.097127786,1.429535597,-0.578910313,-1.48013453,0.894592606,0.442720877,1.275755411,-0.034157815,-0.001324732,-0.323764395
0.977299597,0.933821465,0.779555269,1.237919552,0.804870738,0.492009734,-0.139047563,-0.089754087,-0.531660566,1.301118694,0.008232087,0.661331995,0.899190451,-0.743410421,0.818889344,-1.35745676,-0.110674799,-0.06931744,1.405396168,-1.630168209,-0.984005114,-0.266979681,-0.020210086,0.943109103,-0.194384225
1.65854338,-0.658986929,1.350311538,0.795079937,1.336600116,1.453791684,-0.41010386,0.275159704,0.852126153,1.023284442,0.482481523,0.629932057,-1.348094581,-0.710020082,-0.394917215,-0.83518727,1.685880966,0.169076587,0.662330057,-0.098409944,-1.59799136,,0.119716757,-0.948343768,-2.186784415
-0.317531612,-1.695303564,0.414720487,-0.240819497,0.374303329,-1.558363168,-1.201318707,0.186726133,0.932330638,-0.067228022,-0.028817257,0.11656871,-0.073085083,-0.229968327,-1.340412263,0.355888369,0.51070305,0.899474589,-0.747383601,-0.034236817,0.539059643,-0.423539805,-0.396815146,-0.535221204,1.530263453
0.393202116,1.417829232,-0.110523542,-0.938999369,1.204773987,0.259694754,-0.792667166,0.534113588,1.741649839,-0.427575769,-1.546126411,0.385787209,-0.001720078,-0.930801632,0.544698663,1.563604736,-1.439842482,0.486277827,0.191861921,0.480467097,1.433123942,-1.35541503,0.504377835,-0.340036026,1.177453642
-1.870309014,-0.877355673,-1.406564216,-0.942572268,-0.755900596,-0.934512735,-2.579135694,-1.571291054,-0.242971266,-0.948597519,-2.806472371,-2.249540303,1.528272367,0.933776363,0.351619126,1.598893608,2.59540716,0.109972007,0.974117915,-1.031159996,-0.345301615,2.591922611,0.501845175,-1.482282203,-1.676686792
-0.737112744,-0.893322185,-1.201772322,0.330158898,-0.873911424,-1.214660491,-0.200737998,0.487006584,0.497497359,-0.290230971,1.135873366,0.02284764,-1.491004984,-0.022829751,-1.245660565,1.306947269,1.0058625,0.589642737,0.055741013,-1.966764061,-1.144686484,-1.406538067,0.8189166,1.111420209,0.889987915
-0.648417264,-1.961512758,-1.902590706,-1.370792226,-1.399037636,-1.023811968,-0.307483955,,1.604769354,0.374431291,-1.131464102,0.088024013,-1.693529488,-0.349751786,-1.961452915,0.883426113,0.637263457,0.714050379,1.556754187,0.171272762,-0.429880322,0.297558131,0.639606515,-1.625422916,-0.007714608
-1.106339321,-1.538428425,-1.171164695,-2.054230132,0.128008477,-1.866082697,-1.682538771,-0.944964453,-0.780179591,-1.651368305,-0.041264947,-0.019819448,0.460918231,0.560956386,1.239657438,0.756752918,1.008554682,-0.212153342,2.917850842,0.526430273,0.394062573,0.285876685,2.000043052,1.097313618,-0.199046139
-0.567108182,-0.746797412,-1.044251941,-1.20736963,0.112519208,-0.230577049,0.554146091,0.735529235,0.182714979,2.146181352,-0.934163631,-0.720933321,-1.970921812,,-0.466572931,2.562564612,-0.76278876,-0.110528135,-0.126121736,1.007454963,-0.233143157,0.516005584,1.05262974,0.424398479,0.492841509
,,,,,,,,,,,,,,,,,,,,,,,,
1.373690889,1.948632524,1.02898146,0.982619379,0.230827906,0.830396189,2.393142388,1.276693383,-0.048695195,0.556104562,1.305944452,0.272803901,0.212421106,-1.526910399,0.254896658,-0.692473175,-0.358140627,0.918651448,-0.989409252,0.775681641,0.924970719,-0.079249843,0.453071504,0.345116149,-0.011249182
-0.498257473,-0.871536266,-1.525606225,-1.796696047,-1.411063817,0.110650044,-0.114779832,-0.500208888,-0.712139912,0.758519133,-0.85675451,0.407334375,1.576709369,-0.260612938,1.189449888,0.162575659,1.705130756,,-2.213574623,0.485773775,0.184338066,0.138411733,1.412698114,,0.079481177
-1.495980539,-0.550357101,0.376222773,1.181324415,0.027877992,-0.841409264,-0.201851239,0.345439251,-1.521061176,-0.718895692,0.403780285,0.134592274,-0.571032449,0.642046827,-0.719113721,0.793480297,0.345416937,1.465334092,1.248145051,1.322405078,-1.9543229,0.479868481,-0.949973189,-0.400427912,0.080448965
-0.59648909,-1.469855799,0.279831032,-1.368834585,-1.125584464,-0.891870282,0.153843353,-0.750111892,-0.923636436,-0.298793933,-0.485132936,-1.132036208,0.314522783,-0.406309347,0.990835895,-0.71143978,1.707713649,1.21720301,-0.35349381,-0.055387916,-0.692263629,-0.001816361,2.014241793,,-1.367489398
0.287091081,-0.68201402,-1.087378839,-0.593683037,0.201712954,0.617918612,0.047789776,-2.009704144,-1.19928251,-2.186249104,-1.27776988,-2.336247257,0.701044439,-0.698376453,1.964089212,0.80177223,1.303784288,0.293892233,0.875355747,-1.729899303,-0.548022326,-0.068361146,-0.774639434,0.731183329,0.446915964
-0.801409652,0.275608307,1.060947922,-0.635174747,0.552132511,1.523439105,-1.75349313,-1.26084228,0.759840784,1.522234655,-0.625386467,-0.628740122,-1.409113246,-0.882227086,0.861031705,0.17071961,-0.332417403,-0.5676102,1.076452171,-0.067659674,-0.746615982,-1.321109943,0.900275393,-0.9446827,1.059814996
-1.273139017,-0.749515622,-0.224722529,-1.24692785,-0.878745222,-0.990004618,0.848742615,-1.831119692,0.533410896,-1.811294858,-1.425918324,-1.049834526,0.635472615,-0.279221248,0.883610983,0.543672289,0.877040826,0.163049701,-1.08097023,0.088450748,0.190821272,2.01368247,0.00660044,0.346194952,0.407331464
1.522863059,1.210764374,1.457644297,1.235872438,2.74788026,1.489678347,-0.674335304,1.286881203,-1.030511012,-1.435811949,0.980859589,0.583838554,-0.221181245,-0.55555038,-0.185373128,0.247611405,0.90224651,-1.044598162,-0.930814195,0.518194242,0.211442081,0.535699149,-0.0509324,-2.626325096,-0.229187911
1.255006678,-0.099809151,-0.076431337,0.13212125,-1.441685551,0.438790537,-0.954189034,-2.380327921,1.265157897,-1.038976663,0.832742218,0.36119209,-0.49082471,-0.134885605,-0.345269397,1.438564661,-0.018086786,-0.10584853,1.744686889,-1.532682366,-1.674074868,0.208906761,-1.302912874,-1.9295999,2.689040603
,,,,,,,,,,,,,,,,,,,,,,,,
0.118990967,-0.143737505,0.156344458,-0.542090662,-0.013300135,0.193476849,0.155897677,-0.813912501,0.08786438,0.695444312,-1.054641078,0.524017311,-0.047050451,0.77419362,0.475018029,0.555492704,0.204756025,-1.489020075,-0.660287537,0.868103572,0.016123706,-1.003614193,-1.288358185,-0.417829232,0.7734513
1.082885079,1.745923235,1.028270165,0.130175857,-0.667316245,1.473086221,-0.371445847,1.581595095,,0.676863303,0.277513097,1.126263632,0.617192678,1.108723909,-1.21663464,-0.747768234,-2.255590922,2.014202094,-1.045173295,-0.104085453,0.357641414,0.859986448,-1.442770233,-0.853438172,0.243273706
-1.656963811,-0.748622102,-1.467893425,-0.855844398,,-1.636552317,-0.015121624,-1.645188718,-0.300078476,1.093057585,0.516340068,-0.775758387,-0.386214757,-1.781186493,-0.754244392,-0.930116185,0.190588036,-0.005032979,-0.14145578,-0.305734382,0.744826335,-0.159862385,1.159703018,-0.053025474,2.01231295
-1.720550823,-1.028135806,-3.360770906,-1.460428153,-1.112241459,-1.526944839,0.24294314,-0.403372302,0.688807755,-0.301644151,-0.358087962,-0.274788379,0.583917269,-1.01865073,-0.905439303,1.967881731,1.02793001,0.562855944,1.507894421,1.906326398,-0.766969719,0.621064585,1.789605596,-0.395951655,
-0.810881752,-0.932295698,-0.07961885,-0.294723503,-0.796164518,-0.479650276,-0.098043179,0.952092002,-0.139517048,0.075235721,0.140763314,0.005868249,-0.59050988,0.870899854,0.179996536,-0.762578332,0.098388559,-0.059330937,0.685437982,-1.070004187,1.258905689,-1.352150134,-0.667245766,-0.988607798,0.601155245
0.806912375,0.920070346,0.795024508,1.282070827,0.351725543,0.162614522,0.614446858,0.89698265,0.382397039,1.694721686,0.248892916,0.429504627,-0.92393847,1.332936791,-0.005131385,0.497300954,0.230327063,-0.824876533,0.181762346,1.23315471,-0.141793557,1.546854844,1.003109224,-1.639049012,
1.113800675,2.207674424,2.94321456,2.275329768,1.182954545,1.617515118,1.113533351,1.102231114,1.582003101,1.179280714,1.291470286,-0.065053159,-0.7267364,-2.797376988,-1.468553712,-0.403177394,-0.920244651,-1.157471812,1.588520944,1.021249736,1.512547227,0.901377435,0.796526353,-1.968157471,-1.058322529
,,,,,,,,,,,,,,,,,,,,,,,,
-0.752098136,-0.83210865,-1.687166425,-1.562656613,-2.118954672,-0.730028378,0.717561838,-1.30450711,-0.262509136,0.219424091,-0.62681463,0.360433292,1.019157435,1.77272707,-0.641505157,-1.193745411,,0.121660723,0.334122211,-0.032890553,1.438246607,0.467625418,1.335816882,-0.422499552,-0.275667877
-0.878675719,-0.827952906,-0.154503906,-0.119062254,-1.869436471,-0.200726428,0.922196954,1.255998571,1.272304341,0.7044567,1.469178398,1.417878582,0.633593456,-0.675586863,-0.52026709,0.90267047,-0.230461786,-0.576398278,2.776119658,-0.036458733,-0.903984024,0.74100436,-0.16362218,0.969549314,0.957382817
-0.186625491,-0.346976379,,0.666838314,-0.803566968,-0.442071623,-0.489260542,-1.14873426,0.070972239,-0.758848663,0.377104368,-1.42120176,-0.17639831,1.933905745,1.214678537,0.459975895,-0.043788414,0.943744615,-0.247423156,0.181947756,2.548781287,,0.517534145,-0.432650165,0.233096739
-0.043704919,-0.901449111,-0.356218368,-0.34421064,-1.707370604,-0.148867476,0.129520693,-0.729588512,-0.77495755,0.184336092,-0.240058544,-1.132173207,0.399149844,0.046552602,1.042681657,-0.333170752,1.428931955,0.376275678,1.098028497,-0.594541357,-0.951833763,1.677826891,-1.253769883,0.354969953,-0.206734887
,,,,,,,,,,,,,,,,,,,,,,,,
,,,,,,,,,,,,,,,,,,,,,,,,
-0.832114489,0.040705556,-1.00236675,-0.960858054,-0.119258757,-0.161718911,0.826815545,0.137655188,-1.03448448,0.109847186,-0.646032008,-0.126076362,-0.282323307,1.156105017,-0.445747173,0.913295809,0.947612094,0.101707822,-0.248387184,-0.323297701,0.715022384,-1.096591657,0.551205212,0.093036811,-1.29582013
-1.577118807,-0.373608614,-0.716241855,0.099497826,-0.764013422,-0.117714014,-0.653472347,-0.934712989,1.00603919,-0.333782949,-0.560962743,-0.064378041,0.183666108,0.97995816,0.051345674,0.113820142,-0.810538248,0.076952108,0.461368316,-0.310756231,-0.040525067,0.987097741,-0.142456876,-0.445706757,-2.496599795
,,,,,,,,,,,,,,,,,,,,,,,,
0.452184687,-0.327817731,0.887733926,0.027332962,,,-0.089368883,-0.358742949,-0.112953907,0.446723146,0.77541959,0.469925969,0.19146501,1.353479704,0.561262651,-0.904757065,1.222238771,-0.792680616,0.951851801,0.097649088,-2.796830157,0.482600903,1.897315672,0.766131746,-0.096726145
,,,,,,,,,,,,,,,,,,,,,,,,
,,,,,,,,,,,,,,,,,,,,,,,,
-0.810462124,-1.158958386,-0.549524113,-0.889364117,-0.597001128,1.078753439,-0.527899907,0.611978876,0.302421613,0.924841116,-0.257534008,1.519129485,-0.032127277,1.522614656,-0.663747231,0.200562233,0.37764483,-0.259513813,0.188228705,-0.350051015,-2.943530078,0.50861779,-0.111598988,-0.553269911,1.023183669
,,,,,,,,,,,,,,,,,,,,,,,,
,,,,,,,,,,,,,,,,,,,,,,,,
-1.783407272,-2.713169331,-4.074664557,-1.671916998,-1.60929736,-2.327189577,-2.235300655,-0.084242214,-1.833447072,-2.120996911,0.645008885,-1.931103195,0.106706961,-0.86356362,1.133506913,1.181490119,-0.726871358,0.383174291,0.86187764,-0.539229958,-0.715080784,2.377002706,-0.936297167,-0.175837402,0.263513491
,,,,,,,,,,,,,,,,,,,,,,,,
,,,,,,,,,,,,,,,,,,,,,,,,
,,,,,,,,,,,,,,,,,,,,,,,,
,,,,,,,,,,,,,,,,,,,,,,,,
1.106434902,1.68924219,2.181210566,2.576860079,3.920844118,1.281787575,0.59099138,1.4860536,3.082517489,1.828420408,1.797788882,2.367396314,-0.786804916,-1.568809374,-1.264740683,0.039485824,-2.981685443,-2.717122607,0.565511122,1.728691775,1.463225304,0.119707536,-0.320240659,-3.530409101,0.197987214
-0.35200475,-1.129160496,-0.58052163,-1.192325557,-2.325920243,-1.634397503,-1.07703985,-1.559068425,0.565573078,0.552559414,-1.175810783,,-0.765007495,0.28776621,-0.726119836,0.538868234,1.330669734,0.653640731,-0.588457218,0.228976155,1.131219173,-0.679207349,0.694396973,-0.100656819,0.048287014
-1.147868404,-0.886623195,,-0.087446661,-0.43442411,0.073236217,-0.343963853,-1.082238968,0.736040666,1.384937808,0.526430792,0.880067465,-0.400458731,-0.103084628,-0.132752775,3.329613642,0.444191537,-0.448110695,-0.272180527,0.373749842,-0.228784774,-0.452551858,-0.722095687,-0.944747608,-0.397885221
,,,,,,,,,,,,,,,,,,,,,,,,
0.690788211,0.81281709,0.552762818,1.642538972,0.813444577,1.388224999,0.482568379,-0.145751054,0.426901995,-0.267012548,0.782093553,-1.958100104,0.06039862,,-2.248239139,-0.254825799,-0.3319346,-0.620691923,-0.47833699,0.68705083,-0.226670839,0.790423339,-0.067846958,1.047634877,1.530014655
,,,,,,,,,,,,,,,,,,,,,,,,
,,,,,,,,,,,,,,,,,,,,,,,,
1.54961634,2.21859825,2.638885296,1.930215686,1.698756869,0.543429114,0.247206491,0.802887173,1.242592614,0.660090515,-0.65532089,-0.583315298,-1.18331808,-1.036049361,1.565316754,,-0.678622551,-1.716158072,0.576813975,-0.355232534,0.634424832,-0.043026017,-1.032829866,-1.135144012,0.528274986
0.168879654,-0.481127491,0.226962476,-1.019877806,0.460090239,-0.468125291,0.665087563,1.842853062,-1.256992458,1.41570903,0.437147546,1.726774103,-0.236628856,1.2770373,0.039073969,-0.927238994,-0.82603662,0.061596322,1.022128271,-1.18317879,0.863419976,0.128058715,-0.104493926,-0.814592317,-0.289655566
0.979526946,-0.837067043,-0.200736609,0.324677811,0.627790775,0.33918455,-0.337912581,-0.639609707,-0.433570337,0.829447723,-0.197980738,-0.50078833,0.2945332,-0.134359461,,-0.06390178,-0.11270577,-0.095647107,-0.007917735,0.112240964,0.530858553,-0.04236793,-0.346420722,0.287610683,0.55267884
1.323311529,0.907634427,0.514025744,0.846862505,,-1.202193987,0.975448846,1.476717456,1.247298287,1.140503419,0.122413116,2.175070485,-0.420613746,-0.846637075,0.255704108,1.371489334,0.26841777,-1.590495856,-2.697242058,-0.916839097,-0.275328554,1.386074429,-0.011521616,-1.645864475,0.10893287
-0.681765819,-1.242312395,-0.20228835,-1.192658808,0.257672396,-1.515689287,-0.45718311,-0.766200923,-1.507255267,-0.919826396,-0.584019315,-1.985404724,0.904445558,1.248805514,1.0252821,1.697751728,1.387008018,-0.468628716,-0.252992764,,0.519883475,1.20944236,1.635151594,1.393549489,1.341999267
1.827843682,1.032652636,,-0.578770033,1.540870978,-0.954931031,1.38014886,0.564292712,0.049051772,-0.226457513,1.025163145,-0.667941834,-1.960878569,0.13240683,0.963700175,-1.099595265,-1.248822814,-0.580058391,-1.393386212,0.044763421,2.235484232,-0.028891406,0.199810875,-0.330630032,-1.167722319
0.219194977,0.851140089,2.119258133,-0.629832387,1.893068539,-0.313340571,-1.689538508,1.633575883,0.420457331,-0.78569965,0.92524552,0.563858489,0.591070281,0.460821103,-1.313962914,-0.236137058,0.085283773,1.493080673,-0.609619033,-1.248009004,-1.489879561,-0.899004076,0.504444122,0.500173672,-1.801185983
1.454076617,0.851844,0.257932878,1.052566054,1.559002307,1.543982396,0.191053027,0.153527159,1.68090485,,1.590798701,0.100210317,-0.510008142,-1.147471282,1.097900376,1.647997619,0.55912985,0.555441758,1.451936301,-0.492538116,0.487287467,0.923889105,-0.624793084,-1.781426114,0.36098101
,,,,,,,,,,,,,,,,,,,,,,,,
0.202809886,-0.67884351,1.186166287,-0.472295069,1.250197391,1.142083169,0.170830943,-0.574560146,-0.969691007,1.685733263,-0.79537648,0.097711505,1.154112162,1.790147045,-0.224750433,0.09004178,-0.338587979,0.258744274,-0.816362525,1.147993036,-1.174589996,-1.554861291,-0.27480344,-1.905679146,0.28590545
,,,,,,,,,,,,,,,,,,,,,,,,
,,,,,,,,,,,,,,,,,,,,,,,,
-0.051835699,1.668193046,0.735886886,-0.549522392,-0.753055988,0.072447935,1.081134407,1.265064199,-0.850661342,-1.250025306,0.193105042,0.548329702,0.591414678,-0.829893469,-1.242706789,-0.878842491,0.483663242,0.237781098,-0.778430177,1.95098494,-1.476846155,-0.405085168,-0.50023384,0.571304953,-1.480400195
,,,,,,,,,,,,,,,,,,,,,,,,
1.658185613,1.975681544,1.262717189,-0.093946966,0.498360635,-0.018098708,-1.277947962,0.680059817,1.262186972,0.211691303,-0.045038048,1.585976284,-1.452802613,1.115639693,1.080526182,1.17413172,-0.280705823,-0.485450069,0.378387393,0.091468935,-0.271315901,-0.415673812,-0.486414669,0.468475054,1.316780664
0.392111859,-0.18595124,-0.8173338,,0.794050543,-0.770419275,0.958497346,-0.316728895,-0.03485488,-0.072861385,0.641227164,0.05827476,1.467902276,0.50644192,0.908498542,1.260334125,-0.802893468,0.218067993,0.934302411,-0.739391055,-0.060445797,0.721993349,-0.505719643,-0.33744186,0.171766955
-1.117033384,0.582746313,1.582881359,0.485974702,0.929822369,1.11240595,1.053530776,1.284335304,0.690064151,-0.129470466,-0.466783769,0.328802759,-0.300991637,-1.21585372,-0.178916551,0.627016739,0.111678709,0.193524663,0.494669718,0.215220229,,1.095029686,0.173235231,-0.203545589,-1.309958195
1.327191323,-0.552931317,0.283961343,-0.333325429,0.428090313,0.367446632,-0.277008824,-0.190041138,-0.990660459,-0.176423281,1.813337756,-0.622608164,-0.440736456,-0.853400158,1.76733574,-0.001193644,0.124025809,0.025629315,0.161697392,1.715095677,1.312689091,-0.262865214,-0.363981925,-0.091732419,-0.333857118
2.408237929,2.043861335,2.583498984,2.891520354,1.573677862,3.452234715,0.293622799,0.615953575,,0.608199896,1.088836165,2.32030793,-1.012043502,-0.060961853,,0.374003856,-1.626157733,0.042294653,1.26402491,0.254365269,-0.11212102,-1.027603158,1.497956364,0.405631655,0.55675673
0.758590508,2.495579129,1.646719571,1.183580022,1.970970535,0.949479067,0.383154844,0.151004396,2.073979494,0.363242365,1.372800356,1.066356233,-0.894605968,-1.776917194,-0.905117993,-0.598054924,-0.026823974,-0.263842317,1.905346604,1.064963249,-0.463313535,-1.457030603,2.679162711,0.432118421,1.795630283
-0.385717855,0.274539524,0.150451587,-0.071125115,0.611909503,0.60241148,1.214323707,-0.541755809,-0.573411155,1.844889748,-0.311929915,-1.433104166,-1.206207999,-1.333048754,1.828853293,0.475124918,1.006084862,0.32507013,-1.683516925,0.028983857,-0.446375513,0.925688432,-0.567942285,2.811436884,-1.956346081
-1.572277021,-1.403566218,-1.763869473,-2.812021413,-1.205797933,-1.200608927,-1.929872296,0.154741689,0.908658212,-0.41102727,-0.069180749,-2.2090305,0.415525551,0.275018162,-0.719480488,1.177905101,-0.327013738,1.809269333,-0.035317356,-1.025803191,-0.340989956,-1.136566492,0.294002858,1.681602127,0.361232119
-1.151664071,-0.148813108,-0.911017347,-0.454033814,0.733068027,-0.828148777,-1.243959797,-0.805920569,0.395181903,0.538358304,0.170498589,-0.62012802,-0.148165692,0.509419018,-0.935312183,2.006482076,-0.265524915,1.134099715,-0.043198748,-0.683236669,-1.07953552,0.372024241,1.038007576,-1.778758786,-0.932207557
,,,,,,,,,,,,,,,,,,,,,,,,
-1.064594147,-0.513515078,1.082397727,-0.941040037,-0.296300376,-1.194027821,0.016442658,,0.37919505,-0.627680391,-0.129760088,0.010640174,0.373873715,,-0.774738389,-0.328311428,-1.602757626,-0.696685158,0.981060629,0.217786584,0.117669625,-0.501301879,-0.994391139,-0.40589584,0.587831259
0.784313612,-0.435647303,1.07090954,-0.391042835,0.462209518,0.59678705,0.222718746,2.016037206,0.976514383,0.625052802,1.963395891,1.082128628,1.295052279,0.6600817,-0.496488644,1.087517635,1.635983327,-1.601222677,0.256887683,1.223888794,0.40438142,-0.16621085,1.738173311,1.280130481,-0.233147217
-0.042854966,-1.786438737,-2.29197924,-1.556055688,-1.417098177,-1.419340062,-1.015729688,-1.570027587,0.01641498,0.566213327,-2.830371247,-1.711250703,0.420135266,-0.165028146,1.328886722,1.935272416,0.206608253,,1.925472864,0.161010942,1.204039058,0.999043448,0.686157294,-0.315747963,0.631599202
2.500836877,1.445592658,3.412630181,2.245761999,3.551761107,1.555399354,0.615460639,-0.516182212,0.132139408,-0.554361754,0.496919542,0.877757742,-1.047528244,0.23937645,-0.355185083,-0.723640512,-1.097212228,-0.527640194,1.100266409,-0.307781819,0.2409789,-0.808193787,0.318690453,0.464288877,1.139895716
1.77382233,0.453388132,0.607231233,1.005192852,0.979729011,1.431204391,0.726808476,0.722444653,0.949796113,0.79707715,0.590766809,1.146149689,-1.48181522,0.033661492,-0.166514209,-1.063577477,-1.173144661,1.154425619,1.364702438,-0.789639752,-0.47446973,-0.909711605,1.4505224,-2.33706163,-0.164571705
-1.242264956,-0.790021077,-0.937115906,0.269341708,-1.384667282,-0.188333741,0.001218402,-2.237593673,-0.833423937,-1.179287828,-1.340726784,-0.409208974,2.362659787,0.929234917,0.441584074,1.575781759,0.03948002,-0.62838925,-1.19916422,0.355445863,-1.011039994,-0.234391221,0.770233174,-1.513600811,-1.337160267
,,,,,,,,,,,,,,,,,,,,,,,,
0.575823198,0.091095953,-1.221530013,0.175499077,0.025194821,-0.525871095,-0.351407271,-0.678550672,-1.172809076,,1.211903919,-1.761059439,-0.715478951,-0.502100132,-1.456035479,-1.525822307,1.201964847,0.272360408,-0.723691455,-1.134101078,-0.117370781,1.610731095,-0.976630866,0.050244398,0.828694859
,,,,,,,,,,,,,,,,,,,,,,,,
-1.222942803,-1.555106156,-1.333645638,-0.867148541,-1.45927803,-1.587218922,-0.283276169,-0.770191514,3.041307805,1.096598533,0.740783511,0.707402242,1.322806061,-1.417294466,-0.656376006,0.194455659,-1.282420893,-0.052116767,-0.967176286,-0.277735062,0.262529517,-0.712121628,1.204823205,0.242870871,-0.690966649
,,,,,,,,,,,,,,,,,,,,,,,,
,,,,,,,,,,,,,,,,,,,,,,,,
,,,,,,,,,,,,,,,,,,,,,,,,
0.69056322,0.990861996,1.494195632,1.604413341,1.534269131,2.174429707,-0.715426596,-0.073446047,0.322570745,-0.425956222,1.627934233,0.856838108,-1.478098777,-1.492497002,-1.704973586,-0.947371295,-0.011349569,-0.485495704,-0.14223191,0.165502673,-0.801381804,-0.043913593,-0.157221286,-0.788721218,0.0944927
,,,,,,,,,,,,,,,,,,,,,,,,
,,,,,,,,,,,,,,,,,,,,,,,,
0.136356831,0.032469697,0.111023782,-0.196834715,0.517830755,-0.12299476,-0.525456214,0.158201582,0.169160443,0.374503001,1.179682772,1.03064276,-1.29771412,0.726476455,1.317465227,0.953860785,-1.326860839,-1.03164945,0.9592584,-0.195110811,-0.423586238,-0.942528558,1.932953037,0.464046008,-1.074569386
1.046487936,-0.00336705,0.965838546,-0.424684221,0.185028099,0.535728295,-0.966312651,-0.056879244,,-0.885477308,-0.733467968,-0.486484789,0.160102597,-1.239044084,0.432691796,-1.414189586,-1.604883531,1.507923062,-1.773666625,0.302219743,-1.346042792,0.167678035,0.753045487,0.638524036,0.13082253
,,,,,,,,,,,,,,,,,,,,,,,,
,,,,,,,,,,,,,,,,,,,,,,,,
0.621379924,0.521523248,-0.077132384,0.540087861,0.604632164,-0.707231487,-0.343552207,0.770375089,-0.414960133,0.060895888,-0.874759544,-0.075990591,-0.182853139,-0.678604341,0.23052897,1.554573501,0.127486799,0.502053351,0.218871539,0.046283559,0.035247104,0.617387775,-0.015372501,-0.873519269,-0.891900837
1.188414022,0.541522077,-0.435981827,,1.312655642,1.75136754,1.485174555,1.839459355,1.276412303,0.958271547,0.443965069,1.467824604,-1.205864159,-1.332398359,-0.581586387,-1.513514776,-2.223415995,-2.505813611,-0.793082314,-0.036224405,0.491163085,-0.334894122,-0.725397271,-0.732705945,-0.16755655
-2.885826438,-1.024098732,-3.060131749,-1.722586052,-2.933197943,-1.876846967,-1.813759654,-0.30833727,-2.005468439,-1.750014831,-1.640423862,-1.475293429,1.284609177,0.232430286,0.023841542,0.665890474,0.134407408,-0.398357256,1.523998101,-0.780382903,0.003218376,0.193925457,-1.366703138,0.407591071,-0.953536225
,,,,,,,,,,,,,,,,,,,,,,,,
0.24913331,0.99014456,-0.139531556,-0.306649882,1.277373988,0.123978335,1.716748033,0.151244649,0.747820407,-0.238857786,-0.040066821,0.941485242,0.333496458,1.178245,-0.460759588,-0.531776511,0.079294077,-0.493098471,-0.689603426,-0.482311455,0.390487997,1.515161724,-0.533518513,-0.013845848,-1.6323243
1.903080315,-0.067898952,0.302330391,,0.961260785,0.704045371,-1.497440977,,0.238531625,1.474738939,-1.237264838,0.487500555,0.044427681,-0.640438615,,0.195263708,0.380531357,-0.262288369,0.997617077,0.129220551,1.32646325,0.288680145,-0.536175218,-0.164135278,0.151578308
-0.459978227,-0.475713703,0.007324069,-1.315989103,-0.701801873,0.888556692,-0.27241809,-2.90058919,-2.2374622,-0.418646463,-0.37645937,-0.31577607,,0.783010464,1.597903531,-0.074835613,0.074628305,0.920041841,-0.393284571,-2.060335246,0.786532228,0.117765407,-0.088840237,1.253450415,-0.278730279
0.042816086,0.679682776,-0.796695097,-1.949052773,-0.491810206,-1.524163823,0.89796559,-1.651544584,-1.147922427,0.358950579,-0.852118694,1.470801211,-0.407414225,0.111289083,0.911142076,-1.057911853,-0.483683143,-0.035917196,-0.590436637,-0.215174288,-2.123993982,-1.107290159,0.052223438,,0.180964089
1.043129204,0.510645939,-0.301351683,-0.813727774,0.069199734,-0.054506458,1.676559524,0.882767926,2.45886169,0.357120502,2.742559631,1.62310326,-0.902977839,-1.362427551,-0.711452106,-1.65014153,0.665016527,-1.552134152,0.895815647,-1.099589163,2.127244323,1.585798454,0.007376012,-0.626165761,-1.652266673
0.167975329,2.019045559,0.774928979,1.081411925,0.045108862,-0.350076127,-1.020239619,-0.831384902,-1.388292372,-1.961375602,-0.480948214,-1.131438389,-1.321607718,-0.471296397,0.113031143,-1.901336624,-0.491958754,0.593163507,-2.452824576,-0.97902177,-1.325851552,0.495701068,1.738295352,-1.759869347,0.654715674
2.498755624,1.435594477,2.664495686,0.897288343,2.123437111,-0.00886002,1.862967776,1.85049059,1.19486786,1.582121098,1.727227377,1.085150606,-0.212753215,-1.744119831,-0.255578261,-0.177383639,0.670908269,-0.142896564,0.734817067,2.422185947,-1.07841946,0.136225124,0.662379468,-0.711496901,-0.298742893
1.80472877,1.095880536,0.072722698,1.30426748,1.11269648,1.557980717,-0.171405616,1.2196708,-0.700879091,0.871143711,0.638323827,0.500587194,-0.79352842,0.634655552,1.696501041,0.125728762,-0.704708686,-0.63619051,-0.713094794,0.249525901,0.781877594,0.085049222,2.107815578,-0.896960147,0.217112715
,,,,,,,,,,,,,,,,,,,,,,,,
2.012778053,0.533511514,0.240200433,1.681388691,1.947130835,2.347979958,0.207341585,1.232946536,-0.046068076,0.222410773,1.022157825,1.808133488,-1.300511724,-0.979892858,0.140915573,-1.428635302,-0.735249697,-0.524834727,1.958136935,0.855303583,0.080335105,0.77179049,0.783720643,0.920497477,-1.242733276
1.84965234,-1.148763122,-1.026354195,-0.144376006,-0.568516577,0.371364272,-0.142791792,-0.063635649,-0.476836818,-0.90248007,0.541766395,-1.089621897,0.329747341,-0.737818987,,0.751708556,0.054449142,1.044577468,-0.531212772,0.983242882,-0.569406242,0.89555053,-0.383412541,-1.031074183,-0.390154161
-0.117952271,-0.253121069,-0.098064307,0.443277254,-0.032008954,0.798866914,-0.230539196,1.154314352,-0.031400645,1.311380838,1.503339438,1.860852753,-1.282460312,0.659339132,-0.680777424,0.346304939,-0.667659237,-0.153708765,0.955914633,-0.199071662,1.330856728,1.610801896,-0.561131858,-0.754504759,1.375500139
1.521913161,0.538884488,0.780037795,-0.383610304,-0.493275834,-0.41269464,1.47183246,1.213440869,0.057593593,1.536540648,2.641402098,2.101180138,-0.808949535,1.198333881,1.348239061,0.1103648,0.19032131,1.295334734,0.279244729,1.606402012,,0.242688509,2.145542626,-1.479011087,0.527271348
,-1.390689076,-0.767330211,0.719631258,-0.323153246,-0.756486796,-0.700710947,1.012499043,0.300692505,-0.620508411,-0.272607245,0.439580217,0.783434247,-1.026261297,0.56375387,-0.164436904,1.354441588,-1.709578539,0.382991025,0.846687299,-1.56581701,1.754201219,-0.768148269,0.134378524,0.129875041
,,,,,,,,,,,,,,,,,,,,,,,,
0.784832121,1.419890458,1.051925898,2.11221931,2.491035131,1.714236574,-1.318987268,0.770376972,-1.02266383,0.963121475,-0.096239346,-0.297179248,0.5135462,-0.399398926,0.062125522,-0.173408727,0.603810132,-0.704429994,-0.302715502,0.263289624,0.219284993,-0.060131381,-0.707949309,0.789121817,-1.10626495
,,,,,,,,,,,,,,,,,,,,,,,,
1.462130746,1.176013818,-0.196948481,,0.480972971,-0.134552118,-0.906218545,1.178101922,-0.895657603,1.58851977,0.112153367,0.669577928,-0.274835929,0.073560905,-2.160070481,0.750248334,-1.335930567,0.768827902,0.93046007,0.052239185,0.572548623,0.085562264,-0.951324501,0.610202971,0.700689298
-0.118719239,0.969837422,2.186465919,0.699919098,-0.324439421,-0.202463825,-1.290600797,-0.308452062,0.259835913,-0.379881841,-2.1212693,0.251331687,0.207397215,-0.563222931,-0.763420243,-0.163861511,0.262703701,0.866906559,-0.499680959,-0.043600735,2.391622746,1.558477805,-0.858665821,-1.54200204,0.208974101
,,,,,,,,,,,,,,,,,,,,,,,,
,,,,,,,,,,,,,,,,,,,,,,,,
0.333105333,0.121802524,0.165520412,-0.84072768,1.689746488,0.413049625,1.271448001,0.566730362,1.128001759,0.568459392,0.246670736,1.660727844,0.400687179,-1.977382209,-2.226744204,0.019834304,-1.265052533,-0.102492913,0.98149527,-1.205214117,0.719830644,0.165218909,1.195952226,-0.538576118,0.179369941
0.041233804,-0.205214384,0.983218621,1.633332261,-0.551339318,0.474155863,1.108061861,1.827467022,2.164615027,1.632590061,1.458114009,1.343960902,-0.821708125,-2.106579085,-0.499186708,-1.00354257,0.998687561,-0.906535498,1.178691775,1.142354764,-0.303792286,0.942126592,-1.875769263,-1.627565874,-1.693174724
-1.512450422,-1.776148858,-0.422906486,-1.768464145,-1.060761406,-1.682447887,-0.708461441,-0.960728446,-0.731994381,0.154906781,-0.441964048,-1.468728203,-0.337932523,1.376659219,0.992603923,1.171444095,1.16750309,-0.201559463,0.554943602,-0.368234484,0.802637709,-0.387811548,-0.127750823,0.80798958,0.211045521
2.063916745,-0.15887118,1.118931999,-1.244370528,-0.784495307,0.091536897,-0.887258893,0.004478679,,0.322925681,-0.764731619,0.105463169,0.708145927,-0.64285717,0.507438947,2.695598582,0.975621623,-1.408084092,-1.616770931,1.269663148,-2.947413066,-0.869383748,-0.324154811,-0.577264995,1.469373213
0.99722027,-0.159868556,-0.862831617,-1.118862966,-0.298268749,0.124745703,0.103424978,-0.539672706,-0.076728614,-0.412202785,0.200898513,1.010754059,1.649286249,2.331580192,1.834362115,-0.102808672,0.012897465,0.10642381,0.753779081,-0.333445363,-0.072783256,0.570002151,0.82535036,1.062636994,-1.041508883
,,,,,,,,,,,,,,,,,,,,,,,,
,,,,,,,,,,,,,,,,,,,,,,,,
2.090715652,1.512953664,2.222419794,1.672736568,1.445999686,2.686779084,0.948935513,-0.893659186,-0.610760924,-0.463461657,0.761895788,-0.88132039,0.431890857,1.882010862,-1.399760461,-0.897799904,-0.459590108,0.019305494,1.979803056,-1.730592123,-0.876926949,1.840371924,-0.361453292,1.363190891,-0.689712775
,-0.874084848,-1.353647386,-2.018783454,-0.713825519,-1.89868821,-0.712394435,0.050767409,-0.593762528,1.249391367,0.175417902,-0.022513896,0.915474538,1.088442726,-0.101539205,-0.4712849,-0.305145676,-0.709291654,-1.320970656,1.738976876,0.906122839,0.927030662,-0.46474673,-1.302655619,0.466939694
-0.976087314,0.110282646,-1.250098596,-2.417968111,-1.60667059,-2.310526594,-0.946682836,1.004630203,-0.568978621,0.4955285,-1.754370293,-0.901388594,0.48884959,-0.225981344,0.991577455,2.483261125,-0.467075714,0.569787971,0.68480752,-0.942753614,-0.504444824,1.883387785,0.412790985,1.43422118,1.579631745
-0.216228074,-0.283974578,0.278571255,0.645070393,-0.239060941,-0.434037421,-0.300861424,0.585978072,0.927887383,0.085185149,-0.158422986,1.335317821,0.16166253,-2.335129498,0.665976251,0.432216084,-0.471639358,-0.24011461,-1.020221358,0.083882861,0.2002744,0.874012753,1.02920188,-0.639355996,0.230475162
-2.604973487,-2.277187115,-0.878995578,-1.296372524,-0.843359397,-0.951494524,-1.121910768,,1.064825934,-0.662496249,-1.408734595,1.519412535,0.514171855,1.045135676,0.663953158,-0.083741518,1.213371249,-0.41554754,1.058541908,-1.052421786,-0.03716364,0.680364922,0.825069096,0.16236986,0.786714998
-1.55314626,,0.394641179,-1.02996239,-0.530574636,-0.253777956,-0.530648596,1.785725972,0.65561871,1.178057461,0.427103828,-0.215972976,-0.474387783,0.263065384,0.727302539,0.051784547,-1.123799274,-1.195657422,0.612860856,-1.337001651,0.500364208,0.369535633,0.321814213,0.171820195,-1.773949359
,,,,,,,,,,,,,,,,,,,,,,,,
2.182105373,1.455737957,2.027367506,3.206228754,,0.205144457,0.604131315,2.187094354,1.273811449,1.382228185,2.293317432,2.89590316,-1.035700538,-0.610311771,-0.336614554,-0.41220782,-1.041756096,-0.002601778,0.499708591,-0.593511262,0.195103855,0.512106582,-0.036289124,-0.76211269,0.517237741
-0.203363091,0.978186679,-1.516831239,0.77170648,1.089800993,1.267791617,1.32186781,0.465192213,-1.808700128,1.51265593,0.611181612,0.167470089,,-1.242537753,1.017520439,0.098242716,-0.402336871,0.28802561,-0.404006018,-1.168815021,0.841397026,-0.553232484,0.409930164,-0.369822189,-1.326212066
,,,,,,,,,,,,,,,,,,,,,,,,
,,,,,,,,,,,,,,,,,,,,,,,,
,,,,,,,,,,,,,,,,,,,,,,,,
0.24674103,1.273572166,0.914703283,0.605754545,-0.025252337,0.431217291,-0.126786296,0.331294143,-0.141819146,-1.123485434,-1.207080229,0.089181318,0.989783955,-0.469237671,0.568573019,-0.210469444,-0.54478194,-1.032786131,1.347108971,-0.127326819,-0.283542381,-1.232406687,-0.441055866,1.158947254,1.111938389
,,,,,,,,,,,,,,,,,,,,,,,,
-2.097598028,-3.148017195,-1.951710863,-1.647381699,-0.562618617,-0.826400754,-0.676300794,-0.516564969,-0.475177305,-0.73974817,1.282058839,-0.516766629,1.998752309,0.80421383,0.432544469,1.687090148,1.909929589,0.958251124,-1.496567445,-0.523109903,0.106652042,0.591309163,-2.121745269,0.362929739,0.056455567
1.537884579,0.752813194,1.046532358,0.955344473,0.568352012,1.715758754,0.990597158,-0.312976821,1.158346343,-0.631968606,0.782396472,0.578897171,-0.474486726,-0.793852549,-1.466822643,-1.108396872,0.229430583,-1.259049908,0.038360143,0.46841001,-0.794264583,-0.415078704,-0.135061703,-0.135679034,-0.170449033
,,,,,,,,,,,,,,,,,,,,,,,,
-1.359375136,-1.407741279,-2.256524907,-2.791391468,-2.264986328,-1.907615548,0.496466527,-1.91194717,-0.590025306,-0.877038258,-0.532405779,-0.517229607,1.39122726,-0.10713277,1.675669288,0.755637753,-0.02662941,0.224704487,-0.781295282,0.511792194,-1.525916699,0.989857432,-0.526230794,0.572169767,0.802932373
1.279283482,2.175469362,2.204783483,2.294451908,1.64221178,0.652240516,-0.497055961,1.680721999,1.799558398,-0.09188235,-0.223360622,0.809601773,0.727337928,-0.782715848,0.303054989,-0.640943933,-0.883731606,0.346084693,0.438249992,0.43267921,-0.184603189,0.461532484,0.18670463,0.100468461,0.533850693
1.548919046,-1.920048178,0.250150326,0.336405632,-0.560093862,0.590167141,0.630406449,0.46663641,1.404148609,0.283934314,0.232775795,1.563529199,1.271468388,1.818660395,0.602440038,-1.34648734,-0.705978902,-0.860717292,1.460850838,-1.017721427,0.001305868,-0.632245579,2.109335463,-1.566748991,-0.42300866
-0.825281344,0.217054242,1.120144322,0.290196562,0.978387386,1.491155639,-0.244462252,-1.469795741,1.016939457,0.449010439,1.525339025,1.051822142,0.140192194,-0.572221195,,-1.835801642,0.39250536,-0.169786641,0.891808984,-0.012282303,1.8084482,1.282933809,0.331599875,-1.818311316,1.239437053
1.33505001,0.648979703,0.686101119,0.38557769,0.131557474,-0.882649142,-1.857295641,-1.210501765,-1.379543916,-0.679767988,,-0.117229075,-1.597203271,,0.829554727,1.937400321,-0.478408896,0.420683658,1.347068389,0.824991083,1.348452061,0.742122683,-2.239226621,1.508988224,0.657694239
,0.837607756,0.701545678,0.452920415,1.464365959,0.223027943,0.694056263,1.239574018,0.023375178,2.49182491,-0.856732126,1.851837996,0.044231226,0.242242496,0.268138769,0.131896072,-2.306438576,-0.509539935,-0.718467848,-0.87642223,-1.034074598,0.026827854,-1.409884367,-2.634713903,0.385233892
1.511034239,1.206415992,-0.175505082,0.594117746,0.639839644,0.434938812,1.361062335,0.928792534,-0.062923154,1.034577748,1.255724015,0.920805881,0.125931737,-1.980700667,0.237057067,-0.356283894,-0.321487811,-0.13274701,0.036507773,-0.205810558,0.201769419,-0.021582814,-0.251003251,0.195685154,0.091697177
1.211888688,-0.062750254,0.037189346,0.618789627,1.810761338,-0.129433943,0.317380791,1.330291083,0.235982525,0.786242351,-1.354292091,-0.617840801,1.045360212,1.044221083,-0.671621224,1.894213111,-0.332959052,-1.291932431,-0.765647679,1.150239118,0.219310314,0.373992539,-0.803825908,-0.234978014,0.500049564
1.049124774,-0.388327053,0.390911919,0.846139156,-1.022607937,0.715196021,0.579382693,0.861747072,-0.923077183,0.580395202,0.6530143,1.472553325,1.204625512,0.812505727,-0.262214412,0.837815931,-0.609249708,-0.672248791,0.239430071,-0.857632065,-0.230437353,-0.3119837,0.103383206,0.160801146,-1.83167894
-0.057342009,0.477386289,0.704685082,0.109725478,-0.698673024,0.157876315,0.680952069,-1.214783829,-0.341292855,-0.115007432,-0.650635887,0.054464214,0.724049929,0.377386437,-0.031401199,1.49772896,0.725780374,1.196303738,0.329450909,0.459158286,-0.166688525,,-0.294576022,-1.139966741,0.241309274
-1.463223373,-1.874220452,-2.466456899,-2.358079759,-0.598476904,-1.42389291,0.715200542,-0.65589488,-0.312559139,-0.301340135,-1.573722586,0.225491326,-0.226380166,-2.737216901,3.62E-05,-0.759787693,-2.1579968,1.656459254,0.959838005,-1.079191108,-0.353949743,0.750157746,1.166071533,0.350677488,1.64018293
1.672199129,0.73303454,1.127269488,0.134363537,0.6271249,1.070628477,-1.169237197,-0.53832166,-1.843597994,-0.139852187,0.537795415,-0.805425456,-0.874570545,-0.181835491,-1.358043634,-1.044018293,1.470254697,0.810263709,1.313491854,-0.160961903,1.872708487,0.69074302,-1.091331447,0.206016434,0.219986687
-1.387375039,-0.199531312,-0.711691691,-1.135910495,-0.465866693,,1.072449624,-1.385116735,-1.278444263,-0.032089549,0.271206977,0.125983174,0.533947923,-1.092196717,-1.058125202,0.608750598,1.002592871,1.043735857,0.688977164,0.446726715,-0.416184253,-2.301065966,-0.207499382,2.761011747,0.083477319
1.056994564,-0.467430755,-1.22219983,0.612012513,-0.208370339,-1.370462641,2.101405639,-0.734692303,0.070620026,0.002901602,0.698979991,-0.430951994,-0.847361452,0.877508253,0.072790651,0.238861444,-0.699435789,-1.777507623,-0.860169863,-2.40452679,0.340937144,0.510676143,0.217258487,0.129980047,-0.595884305
1.124077213,1.655981622,0.491129469,1.072157134,1.263205801,1.874247057,-0.487829441,-0.861652241,-0.22118219,-0.59661354,1.686417828,-0.122355063,0.97768491,0.597366492,0.465259831,0.774757346,-0.755644331,-1.203764783,-1.352172714,-0.534323081,-2.529030134,1.756483539,0.341134444,1.348235107,0.49272728
,,,,,,,,,,,,,,,,,,,,,,,,
-1.194828594,-1.607879983,-0.026578135,-1.224405285,-1.249289924,0.639648393,-1.368602766,0.048116621,-0.422568932,-1.868746787,-0.740842081,-0.938634875,0.553951112,-1.039046917,2.532092836,0.676990835,0.521847551,2.217830894,1.500521109,0.225844109,1.184254807,-0.073291291,-2.411273423,1.020095318,1.309299782
1.620020135,2.145275693,2.573827858,2.341727526,2.40112862,1.669124326,0.406078887,1.686234013,0.198393444,2.070314432,1.239975848,0.540998291,-0.230927964,0.826355348,-1.346295629,0.371832328,-1.089003113,-0.800285019,-0.024791877,-0.522378385,-1.052030029,-0.181982314,0.083292078,0.226273303,-0.863619691
-2.918685607,-1.357442193,-2.233417086,-1.910930534,,-2.016108714,0.973548972,-0.301873168,-1.970461246,1.098257935,-0.981637122,-2.687853427,0.074165879,0.024220855,0.660703808,1.10281074,-1.194843198,0.93066975,-1.527393562,-1.104582006,-0.51188675,1.660411934,-0.150754373,0.269738684,-0.452304934
-1.270957116,-0.586825128,-1.476146033,-1.449084248,0.111799596,-1.697704658,0.124868302,0.748166706,-0.344187859,0.255148022,1.1870953,-0.875566771,-0.544817141,1.912621466,1.449869856,-0.078237437,2.190110955,0.628322331,2.084755957,0.628464882,0.45150352,1.120947044,0.864109753,0.283568543,-0.600878057
-0.372113527,-1.123256605,-0.685984823,0.404542903,1.148262714,-1.001253009,0.014354107,0.312335458,0.35776736,1.104609407,0.777791232,1.204012639,-1.926405839,0.168041193,0.888302242,0.395946487,0.789704478,0.249703948,0.48940455,-0.322406738,0.019460694,-0.878416147,0.722970309,1.706338171,1.834579089
-0.099147483,2.04975982,0.844958057,0.997154794,,0.715430559,0.140723042,1.235865129,0.459483374,1.642213982,1.046249756,1.018831393,-0.773820634,0.1605924,0.294025359,-0.993626199,-0.154367091,-0.316712378,0.171141516,0.545347202,0.466369591,0.342118523,0.240844511,,-0.189765662
0.738143135,0.710136049,0.046757866,-1.700326468,-0.743402524,0.813148131,-1.664512536,-0.666317294,-0.445172028,-1.666167838,-1.766211708,-1.453257464,-0.466493983,-0.418273066,0.959229457,-0.267650593,,-1.084028667,-1.167971151,0.380223136,-0.287241065,2.302672132,0.313164128,-0.784122049,-0.548077463
0.387385228,0.335462276,0.184339135,0.433131871,1.880852142,1.531378775,1.636583075,0.517941924,1.249253835,,0.945342326,1.358885984,0.535426786,0.801123813,-0.415281294,-1.403778912,0.094049119,-2.896183729,0.016216223,-0.447418286,1.863265387,-0.624707899,1.352383099,-0.615938039,-2.090594545
0.703134463,0.478390512,0.906928177,1.274120087,0.41636792,0.815812534,0.450904706,2.141698945,1.108630432,0.166689313,0.481337163,-0.217317973,-1.004447968,0.247712602,1.196715676,-0.98267705,0.367079064,0.85378034,0.686884162,1.072561743,-0.669740132,-0.011153784,1.150296107,0.817127494,-0.911371986
0.526184428,1.578049937,0.174658489,0.515487762,1.023658024,0.741168679,1.583671914,-2.182087732,-0.739701379,1.745932426,-1.071764606,0.412486121,0.112856529,1.0039655,0.860206172,-0.511503119,-2.172367033,-0.849485031,0.503020721,-0.59427761,2.691574713,0.513507303,0.275332002,0.447455458,0.527884943
-0.386755791,-1.479413732,-0.787965861,-0.532813647,-0.845636841,-0.731227061,0.773198063,-1.353088577,-1.100207207,0.079199442,0.050943813,0.140926864,-1.356956599,-0.034153697,-0.960945616,-0.635783848,-0.509725557,-1.874342651,-0.679887128,1.190453974,1.241923917,-0.61005455,2.145418288,-1.530473662,0.523875742
,,,,,,,,,,,,,,,,,,,,,,,,
-0.711613561,-0.64578595,-1.320736759,-2.309147695,0.387342846,0.365929902,-0.097411863,-0.116857753,0.436006271,-0.043273748,0.104680083,0.030973163,-1.942123726,0.607423738,-1.320760375,-1.097830756,-0.073484602,0.448717059,-0.616006702,1.050114674,-1.040477634,-0.4726683,-1.185443108,-1.082342357,-0.5956559
-1.781404679,-0.585265874,-1.61578521,-2.607245964,-1.692300085,-1.6035086,,-2.054198831,-1.644225132,1.034426709,-2.033046871,1.342837055,2.586999362,1.99951926,2.070842878,2.466219012,1.394947351,1.392335883,1.664161583,-0.180561153,0.909682384,-1.389035129,-0.010838007,0.43825802,1.859871068
1.295642258,1.195293888,2.368718748,1.545334568,1.718580345,1.440016608,0.080203304,-0.073672172,1.058796435,0.387249452,0.590512829,0.177765845,-0.688449801,0.35357185,-0.35968073,-1.011995675,-2.172561204,0.442655105,0.894873979,2.547079144,0.603938431,-0.524982039,-0.373809862,-0.805554039,2.696379763
-1.269586146,0.770572053,-0.552378303,-2.83370515,-1.026752696,-0.146258899,-0.838180296,-0.460065321,1.233475129,1.316005075,-0.072141465,0.518254472,-2.354855851,0.284596227,1.37409036,0.457163817,-1.054033346,-0.666892932,-0.524334869,0.151844459,,0.653020086,-2.465341309,-0.281481735,1.14977259
0.01281337,-0.32195949,-0.167465132,-0.40346766,0.098635666,0.690780326,1.263484218,1.248134763,1.959448753,1.022324906,0.654135201,1.153812109,-0.683732684,-1.709254812,-0.13617991,-1.620832916,-0.651328688,-0.825241692,-1.168469659,0.241056479,-1.404600307,-0.798174126,-0.65238081,-0.544808458,1.559279887
,,,,,,,,,,,,,,,,,,,,,,,,
-1.631525046,-1.457066744,-2.798795149,-2.242596871,-2.209932432,-2.689496208,-0.021663566,0.562339156,0.069431017,-0.636632733,-1.181160127,-2.186408186,-0.029445479,-0.734043478,2.934421626,0.711235425,1.309703891,1.300267005,-0.49281739,-1.129766477,-0.133299722,0.56255044,-0.058027746,0.40184775,2.21457155
,,,,,,,,,,,,,,,,,,,,,,,,
-1.541526524,,-2.828989195,-2.211988116,-0.66587799,-1.857581532,-1.596222965,-2.509382366,-1.377844702,-3.545475227,-1.290188163,-0.701783642,-0.03590816,0.456257709,-0.339740483,0.168820314,0.302728498,0.67583298,-1.135214134,-0.57240343,1.078949194,-0.563702218,0.04232552,2.895212563,-0.878267963
-1.252515195,-0.883152658,-1.9201243,-0.598175706,-0.712089958,-0.843510718,-1.315632499,-1.541752592,-0.606230841,0.591763203,0.497060153,-0.612173023,-0.456823168,-0.998043933,1.309133761,1.060416573,1.02538052,1.116857344,-1.011408725,0.919611026,-0.883779288,0.34897086,0.123072479,0.046805342,1.833489783
0.417711396,1.193058554,1.015464076,1.75887548,-0.464746469,1.305124543,0.902678002,1.741818634,0.937474553,0.230776935,0.883134624,0.449850138,-1.196687469,0.181379969,1.678398741,-2.811658698,0.485273418,0.64789799,0.162670153,1.159553108,-0.455240943,0.70241216,0.715074384,1.501990186,-0.964294018
0.008798538,1.133531192,-0.750306537,0.213219679,1.243558413,0.455597868,-0.342428434,0.198050416,1.212924475,0.837569752,1.053018557,0.617563834,0.556144737,1.755420221,-0.365660102,-0.92523975,0.304036491,0.454239681,-0.266878448,0.603321381,-0.647029788,-0.53878402,-0.641500646,-0.699455666,-1.028596094
-0.137486768,-1.789602997,-1.269414255,-1.421905198,-0.92371684,-0.44932362,1.011593372,0.312906367,0.457143018,0.543680136,1.207949365,-0.440654584,0.984326091,-0.378040941,-0.186014132,-0.203871417,-0.118548809,0.860004505,2.496514386,-0.691969276,0.510169258,0.15177231,0.873856791,1.25487811,-1.005634684
,,,,,,,,,,,,,,,,,,,,,,,,
,,,,,,,,,,,,,,,,,,,,,,,,
,,,,,,,,,,,,,,,,,,,,,,,,
-0.870682152,-0.592065663,0.108933548,-0.75956344,0.798057747,-1.035093264,-0.174768063,0.029756281,0.03028381,0.116220684,-1.386611979,-0.211359577,0.22904024,-0.415237365,1.76885489,1.056325905,0.477495253,1.366307756,0.398171389,0.802710188,-0.312875475,-0.373483015,-1.023877768,0.69423123,-0.622338794
2.098864223,-0.168398068,0.722036283,0.163265767,0.461697962,0.02024572,1.039469364,0.213753899,0.752840774,0.079847466,0.922283965,1.048177482,0.046182366,0.052528296,-0.279770814,1.469706448,-0.209765279,-1.217956049,-0.396867095,-0.237505079,0.72304901,0.478443851,-0.658767313,-1.272551642,-1.195925314
0.040189514,0.228131962,0.136316646,1.11153002,-0.879661501,-0.327373962,0.126592435,-1.379787561,-0.651685954,0.630745235,0.676058196,-1.332981986,-0.443142518,0.187018396,-0.999485049,0.357868908,-0.619640409,-1.824127929,1.33147495,-0.590080292,0.740896495,-0.412598372,-1.253111061,-0.867021924,1.062411814
-0.008922735,0.858573001,-0.693708453,0.497526847,0.995678837,-0.555812351,2.345675125,1.220439992,0.95997988,1.234823734,1.921470587,0.569192919,0.308082979,1.242047319,-0.455222208,-0.654818965,0.549943262,1.559355415,0.281863838,-0.297746924,-0.727598333,0.457361954,-0.827266383,0.611450079,0.006648202
0.13093392,0.178662402,1.475574646,1.17914506,1.160334177,0.763755311,0.872940795,0.195194946,-0.281801484,1.069638119,-0.097996555,-0.52958537,,0.826598727,0.699494739,-1.422085407,-0.44648683,-1.099916231,-1.98252031,1.21536597,0.533321953,0.471294545,0.138363158,-0.367716563,0.577021921
,,,,,,,,,,,,,,,,,,,,,,,,
0.142691635,1.505948285,1.785559801,1.823819583,0.072286513,-0.464729895,0.413566075,0.338168412,-0.554238917,-0.331314564,0.508323305,1.703920563,0.888220115,-0.956106744,0.043662261,1.295000054,-0.425370909,0.289186529,-0.675282056,1.857916176,1.361084973,-0.336262242,-0.018638134,-0.070976735,-0.20677309
0.417029578,-1.316965607,-1.131845259,-1.180420918,-2.277756695,-2.247271918,-1.481106535,-0.065204323,-1.128271458,-1.190830195,0.747124919,-1.095516122,0.059754008,0.183611592,2.462632513,0.738002428,0.985202504,0.942233636,0.442036938,-0.570733505,-0.129962861,-0.141268487,-0.324689849,-0.118971506,0.988131525
,,,,,,,,,,,,,,,,,,,,,,,,
,,,,,,,,,,,,,,,,,,,,,,,,
0.278984829,2.105752556,2.225077576,0.137667106,0.571646238,1.251208711,-0.563383998,0.567424207,-0.001031865,-0.950813767,-1.245317284,-1.075587591,1.486654851,-0.940241605,0.897613383,0.46645189,-0.337068136,-1.236063267,-1.336149821,2.074486414,-0.459099199,-0.456460494,-1.546035799,0.465651359,-1.683909861
,,,,,,,,,,,,,,,,,,,,,,,,
0.849259812,0.165485759,-0.304443747,-0.284879308,0.36819149,-0.355379579,0.377801978,0.45882087,-0.154643559,0.123194862,1.948452071,0.594526747,0.022062126,-0.655164754,-0.295675343,-0.136453851,-0.446425508,0.467891911,0.370025984,2.128076137,0.335923472,0.737461531,0.806073199,-0.410828469,-1.261303378
-0.251982176,1.275610689,0.470913585,0.90521503,1.110676743,0.83551757,0.911236104,1.011611677,0.132582941,0.585060159,0.093428185,-1.098222191,-0.557752603,-0.804205352,0.925358,1.326237251,-1.321471131,-1.540487825,1.461510317,-0.420127555,-1.424707913,0.295679845,-0.040447599,0.927788693,0.380283126
-1.09466891,-0.471013294,-0.162364527,0.46855254,-0.574192155,-2.024087622,-0.397978873,-0.484059021,1.542268498,0.012501888,0.12540467,0.305005648,-0.590270969,0.078457921,1.650864475,-0.182762053,0.139815933,1.317956116,0.245575424,1.527579176,0.074653575,-0.295764881,0.441450984,-0.543184867,0.078888559
,,,,,,,,,,,,,,,,,,,,,,,,
-0.678725295,-2.280683253,-0.792207735,-2.536034818,-2.489931949,-0.980801244,-0.573444542,-2.361155256,-0.611064866,-1.700357542,-0.993907517,-1.346859616,0.826384605,0.275833727,1.21655692,0.637327922,1.662764625,1.628545203,1.493005087,0.836655595,0.364064189,-0.91683051,0.101208888,-1.50426908,0.258397041
,,,,,,,,,,,,,,,,,,,,,,,,
-1.428441137,-2.272674456,-3.009736006,-1.537473097,-1.554920163,-0.685930263,-1.860437599,-1.047524415,-0.073026278,-1.512953098,-0.480683594,-1.611075796,1.268518842,0.570707863,0.611612926,0.203097953,0.004132598,1.153723422,0.773566768,0.348413949,0.991931964,,-1.023792696,0.345270465,0.194947501
,,,,,,,,,,,,,,,,,,,,,,,,
0.715453,-0.263585305,-0.39105903,-0.762574544,-0.073171703,-1.948792465,-1.540675228,-1.000863402,-0.628522216,-2.161280295,-0.947917992,-1.461567541,0.992501388,-0.774691036,0.445895529,0.428595239,-0.691271406,0.20398226,0.09077826,0.257096401,-0.625521632,1.837151486,-0.467742168,-1.070250382,-0.652388186
-0.909835391,-0.114143953,0.306537975,1.472193485,0.524473401,-0.197548024,-0.055278699,1.306099568,1.393868987,1.385429048,1.419952094,0.460897251,-1.140224925,-0.453974688,0.021713113,-1.709989599,-0.93521648,0.143676111,-0.801267935,-1.518390053,-0.136001436,-1.935862753,0.647238094,-1.421727735,0.591609134
0.896566352,0.424812482,0.53130121,0.954715152,-0.006702048,1.338085707,0.15914566,-1.132550767,-1.697678195,-0.117015391,1.154250762,-0.064587292,0.999233924,1.101788011,1.106463187,-0.29772454,-1.546612573,0.021905633,0.322259955,-0.09408302,0.295468359,0.289263638,-1.434141329,0.788352237,
0.717407829,1.367548955,1.76562878,0.397399752,0.71221001,2.083872705,0.846663675,-0.517260378,1.557427737,0.101552257,0.885460299,0.367786421,0.381669484,-0.810546367,0.359636668,-1.179113807,1.109329145,0.573329215,0.803828095,1.095612037,-0.324543318,0.272691955,1.447974607,-1.912351273,-1.074590914
2.503063422,1.550935497,2.542744999,1.267708789,2.68308413,2.831386083,-0.551761457,0.570557442,2.641233698,2.044102026,1.575083986,1.752740656,0.696586574,0.155065412,-0.541315059,-0.74762387,1.304353003,1.585518462,-0.494799276,0.547553879,1.228586899,0.20880879,0.56177438,-0.078684597,0.674633704
0.8582734,2.149220951,0.910427924,1.301875069,2.533677605,1.295545631,1.946917118,3.056700501,1.137081435,1.231206296,1.254933901,-1.275929945,0.414997304,-0.379588927,-1.220619458,-1.180337539,-1.970924727,-1.671805238,-0.551007919,-1.23395005,0.295286214,-0.592744321,1.750294473,0.717862155,0.936430601
0.776202026,-0.195452857,0.713948248,0.509016416,-0.158661767,-0.222024676,-0.45608166,-0.248106427,-0.882384666,0.997928588,0.956327952,0.534777313,-0.052259783,1.81810795,-0.400999989,0.934837336,-0.709996919,-2.845133418,0.356818218,-1.898386383,0.075657964,1.022513959,-0.040571213,0.187821649,0.6061981
-0.027739366,0.927618391,-0.287250378,0.991258787,-0.107053458,0.018666975,0.840664127,0.678104885,1.644615541,-1.140825701,0.110262991,-0.867086234,-0.622592148,-0.122528744,-0.238705569,0.447304882,-0.410922838,-0.847861902,,0.49694458,0.260136159,0.410477302,-0.550319299,-0.439958663,-0.207194861
,,,,,,,,,,,,,,,,,,,,,,,,
-2.209049368,-1.284748872,-1.330767489,-1.222437473,0.162820191,-0.074565993,1.243006443,-1.80117943,0.003641981,0.487492284,-0.556201062,-0.542070801,0.031577756,0.955821954,1.144378758,-0.84779493,0.264905873,-0.04672198,0.353196418,-0.963946037,0.240774893,-0.737511979,1.030565078,1.0369733,1.481690171
-0.880901311,-0.965353533,0.937973031,0.062836381,0.890876896,-0.274749315,-0.019476069,-0.572533242,-1.215872904,0.307441965,-1.209168188,-0.424652638,0.881630452,0.901059915,0.59508975,0.119718824,0.102201976,-0.625754935,-0.107697177,2.097404078,-1.809516833,-1.383182805,-0.71442084,-0.107611611,-1.955097441
-1.533487951,-2.551823895,-2.914968843,,-2.227754659,-1.618425413,-0.759990848,,1.734332834,1.413080745,0.187752626,0.267583308,0.174939486,0.160877868,1.547362457,-0.694285301,0.884984454,1.303378532,-0.128859391,-0.006493288,1.089508864,0.43490553,-1.997596508,-2.238937233,0.586061393
-1.440055326,-2.12237511,-0.890417503,-0.828675612,0.083913431,-0.817249797,-0.588094405,-0.259302847,-1.558051029,1.116556627,0.55955295,0.2798983,-1.364847923,-0.736749285,-0.26409045,0.178282801,-0.554022096,-0.932349661,0.521070415,-1.958693534,0.119675208,-0.962943726,-1.826265392,1.147732792,2.110236851
,,,,,,,,,,,,,,,,,,,,,,,,
-0.817060927,1.038042004,0.813088693,1.042927755,1.380599568,1.067117154,0.807423155,0.174455311,-1.147461094,0.442216213,1.02627485,-0.031929413,0.08407404,-0.224091098,0.741196747,0.611639134,-1.285769437,0.293364299,-0.161001892,0.769949149,-0.405943526,-2.126621314,1.540189388,-0.033076365,0.291233045
1.467357703,1.024386327,1.023301425,2.111049436,2.336554154,1.201942068,1.474606879,1.96935718,1.066619684,0.286985862,0.566897375,1.071084648,0.028749089,-1.967164523,-0.48531088,-0.176709139,-0.972941565,-0.317450125,-1.122669405,0.129568041,-1.826716546,-0.468539895,-1.300838666,-1.980371848,0.37932095
,,,,,,,,,,,,,,,,,,,,,,,,
0.916073115,-0.294611113,-0.646760372,-0.121094448,0.799668338,1.415106761,-0.726418156,1.479498247,,0.097160026,2.191396786,0.038738619,0.893864937,-0.710783222,0.491304832,0.096291134,-0.501582986,0.716850916,0.58496393,-1.198124767,-0.944367789,-0.332376642,-0.348449552,-0.87547723,2.350613484
,,,,,,,,,,,,,,,,,,,,,,,,
0.86472045,0.42285499,-0.055033574,0.151982697,0.666864465,1.910291501,0.393650466,0.966780952,0.845820892,-0.902596239,-1.209430573,-1.402364634,-0.863855217,-0.48304869,-1.296331344,0.620150478,0.68307744,-0.477990933,-0.549759366,0.006761061,1.297890955,0.396235736,2.258695753,-0.136449431,-0.968726647
,,,,,,,,,,,,,,,,,,,,,,,,
,,,,,,,,,,,,,,,,,,,,,,,,
2.544212312,1.93033126,0.442698689,1.253196527,1.506103569,1.72228091,0.527674817,0.503523173,0.278089121,1.293982657,1.067861724,2.205192103,-0.842906152,0.527172945,1.205112296,0.016180086,-0.345110773,0.475808972,-0.221652406,-0.362699376,-0.784124144,-0.171525601,0.870198994,0.739626367,-0.576876609
-0.049004765,1.331474391,0.08417721,-1.177147421,-0.016061213,-0.172366072,-0.485858514,-2.04113355,0.120470636,,1.400264465,-0.757961407,0.637017621,0.454059851,-0.988443503,-0.053131787,-1.70444771,-1.329403234,0.752716779,0.174645824,1.360783099,2.108704362,-1.28032157,0.25557214,0.430298252
0.788002464,-2.3736924,-0.357153155,,-1.846649849,-2.142369516,0.617706378,0.324550455,-0.084197668,0.46460859,-1.057876273,-0.805155183,0.258298233,0.723082566,0.472524078,,-1.610386551,0.021686715,0.879335797,0.302581028,-1.310780871,1.387090334,0.698523015,-0.495514823,1.071008541
-1.493547422,-1.625323584,-0.221620503,-1.121625006,-1.227790641,-0.663589528,-3.020148709,-1.919723607,-0.928845599,-1.248083744,-2.034408293,-2.418887169,-0.170087152,0.463193467,0.207354263,0.770509187,0.087603474,-0.584418115,-0.31283975,0.25257285,2.101772882,-0.311988216,-1.019606471,-0.622381221,0.77898362
-0.943362202,0.518811096,-1.00373504,0.13140555,0.110824665,0.045200485,-1.315848819,-1.061621225,-0.515020043,-0.776424754,0.625658617,-0.733902522,0.068919951,-0.765546597,-1.548712062,-0.936070817,0.479703136,0.733867491,0.949647485,1.205987509,1.876037526,-0.136873692,-0.171535829,-0.45485857,1.018073842
0.359628051,0.551322455,0.356831531,0.08040403,0.472869025,0.72980965,1.64254801,-0.64014836,1.157101209,0.50732929,1.393238807,0.824625603,1.122448768,-0.964713363,0.442625526,0.145640134,-0.361140328,0.5042766,0.138409754,-1.201278512,2.13472207,-0.333047793,1.139737045,-0.24744423,1.417986369
,,,,,,,,,,,,,,,,,,,,,,,,
2.551822231,0.97310739,2.264535411,1.20756569,-0.494677168,0.791817818,2.219982862,-0.166046748,0.607368117,0.830295454,-0.224499141,1.117303631,0.054298025,1.146191468,-0.377531876,-0.76273207,-0.331313508,-0.771372885,-2.188749095,1.016965054,-0.341524818,-0.97193783,1.102496441,-1.04256013,-0.457048898
0.398462693,1.793735196,0.038199044,-0.541139471,1.621398311,0.172890829,-0.295884524,1.000093684,1.028288313,-0.219967155,0.618318262,-0.108282679,-0.075132207,0.842349009,0.867175281,-0.51691157,-0.42104963,0.410594533,-0.970921298,-0.943525041,0.356346266,-0.789537461,1.299263442,1.458439218,0.147218891
1.224417536,2.651196481,1.498949657,1.694661775,1.881091359,3.695058897,1.498142837,0.742373377,-0.319063788,0.489770687,1.791635462,1.833044443,-1.751972968,-1.434121386,-0.939263959,0.619320714,0.238871345,-0.582149665,-0.916694364,-0.379475819,0.908584951,-2.167366245,-1.756933695,0.584771991,-0.339053461
,,,,,,,,,,,,,,,,,,,,,,,,
-0.643268706,-1.807188997,-1.033541619,-1.590748529,-3.343066926,-1.778603005,0.527334651,0.565120468,0.018783481,-0.296460946,-1.053667969,-0.349772649,1.449607935,0.154553807,1.237221059,-0.450573622,0.018827161,2.112557985,0.114351008,-0.633512322,-1.101203238,1.064759184,1.162092455,0.085349234,-0.532656653
,,,,,,,,,,,,,,,,,,,,,,,,
,-2.275691428,-2.681518234,-0.847823372,-1.628182671,-0.714038203,1.184804064,0.343541273,1.014717372,0.131414732,1.798791334,1.636606796,-1.931236785,-0.366417677,-0.248532865,-0.07925537,0.364600218,0.325412526,0.285746947,-0.569527588,-0.772307778,-0.096161941,0.256594616,0.388705908,-1.500865599
,,,,,,,,,,,,,,,,,,,,,,,,
-2.701954765,-0.751682665,-1.693883707,-1.19807342,-1.207773606,-1.58593529,0.401892342,-0.43097786,,1.021322341,-0.721827216,-0.034557152,-0.248597827,-0.151197873,-1.184732851,-1.044873944,1.353156292,0.082466272,0.691362964,-0.00393144,-0.616429514,,0.893047698,-0.06109178,
0.142765182,-0.589127214,-0.201434211,-3.032286125,-0.502493898,-1.327635175,-0.9564941,0.188511201,-0.800662408,0.706933669,-0.709512319,-0.565385948,0.66043203,0.24043926,-0.367748394,0.235666629,0.020565267,-0.385376366,1.809288444,0.504507129,0.095641467,0.025286213,0.874408911,0.178319948,0.675685386
1.091102102,0.315725845,0.395633127,1.61977955,0.720324741,-0.49305389,0.059808921,-0.764662413,0.009867721,-1.349629444,-0.009557401,-0.098928504,-0.527999295,0.079760823,0.657730747,2.100538554,0.929798761,-0.729877956,-0.353324887,-0.496081997,0.983040521,0.890329495,-0.304183983,0.769588255,0.701753035
2.032994561,2.96234291,1.967172105,0.451746524,1.793237867,1.369591284,0.390843614,0.376972892,-0.300149981,1.973842917,0.821821249,1.037261196,-0.891393591,-1.607847554,-1.791607016,-0.898205459,-1.726929166,-1.316005802,-0.663668167,0.902845991,1.27984231,0.306563167,0.955850235,-1.415094848,1.416998472
2.511140672,0.636740057,0.340069464,2.936811771,0.796659593,1.347231288,-0.223400241,0.429781423,2.051135982,0.609531467,1.601946269,1.483810235,-0.16947154,-0.629244857,0.870869259,-0.558885816,-1.300849627,-0.732675958,-0.685331824,-0.508361875,0.208559282,0.978164731,-0.346473148,-0.605018353,1.337569334
1.101845067,-1.745500489,1.030520486,-0.65922551,-0.05119312,-1.015194552,-0.844631132,0.615707992,,0.720722326,0.951435305,-0.022641075,-0.720503928,0.931801742,-0.219446134,-1.51921963,-1.946525373,0.392494737,0.085467827,-2.108557301,0.384296237,1.264131906,0.243551101,1.638578128,-0.066304929
0.934735708,1.717217724,1.07738762,1.929477705,2.009463941,1.156363356,-0.329513644,1.288195428,-0.748125862,0.998059331,0.082284622,0.138162115,-0.572705123,1.269355179,0.731007936,-0.823748067,0.080109178,-1.329707953,-0.52576311,0.316623793,-1.016990628,0.662589762,0.200022456,0.032947223,-0.944386143
,,,,,,,,,,,,,,,,,,,,,,,,
,,,,,,,,,,,,,,,,,,,,,,,,
,,,,,,,,,,,,,,,,,,,,,,,,
-0.892422703,0.511420037,-0.90291064,-0.405548194,0.507839255,-0.412776168,0.276965275,-0.251146183,-0.671431453,-1.052233216,1.027907931,-0.668961427,0.976915659,1.007320815,-0.029616109,0.391496814,0.552841309,-0.01427848,1.28179404,-0.850692188,1.762945821,0.314168513,,-1.197281141,0.257926591
,,,,,,,,,,,,,,,,,,,,,,,,
,,,,,,,,,,,,,,,,,,,,,,,,
,,,,,,,,,,,,,,,,,,,,,,,,
,,,,,,,,,,,,,,,,,,,,,,,,
0.468981104,-0.772807952,-1.930280934,-1.666372951,0.650646257,0.304405346,-0.512871549,0.638526783,0.663579607,-0.373463193,0.269740652,-1.159288669,2.327667517,-1.585416636,-0.270285124,0.597620864,0.923018297,0.850580443,-1.491387635,-0.105671675,-0.206517978,0.01484571,0.328983266,-0.036805519,-1.077107109
-1.765675908,-2.347054967,-1.895190623,-1.464629208,-1.279555085,-1.220682238,-0.349250989,0.152624715,0.755823295,-0.664440854,-0.070211119,-0.533515906,0.571491064,0.032297105,0.479211844,1.570857057,0.047264248,0.368709313,-1.52989199,1.628295387,-0.992563332,-0.519378235,-0.870251548,0.488056516,-0.20897319
0.894436507,0.763027351,0.388150578,-0.328246525,-0.579194308,-1.272721758,-1.217137531,0.321226393,0.888724577,-1.090619898,-0.84023728,-1.549792897,0.851653429,-1.845180441,-0.079366733,-0.800871662,0.445550686,-0.661324893,0.255262711,0.402782574,0.523828011,-0.287386163,0.536817294,-0.711769651,1.246566409
0.966285098,0.188152237,2.545183683,0.758253738,-0.379360455,2.105430453,-0.073854902,1.264642307,1.428121314,1.29093494,1.676662377,1.021440109,-0.712230784,0.521364625,-0.820109957,-0.545114899,0.320281313,-0.890936701,0.539011549,2.144202677,-0.286044669,1.191825318,-0.544706423,-2.506984949,-0.287753903
,,,,,,,,,,,,,,,,,,,,,,,,
0.146582027,-1.805407826,-0.31263968,0.334985254,-1.628767615,-0.641919826,-1.311116541,-0.747014561,0.105321557,-1.2616813,-0.810080009,-0.939184846,-0.213051447,,0.260079622,0.928355871,0.592426219,0.8265643,-0.083093576,-0.65379666,,0.534040227,0.429125277,-1.153754254,0.664242856
1.184228125,-0.41479581,0.275347604,-0.020347496,0.439019276,-0.051966892,0.752405975,1.137440437,,2.453906279,0.783656127,-0.061636378,-0.165808773,-1.483013755,-0.442841474,0.943929536,1.003093867,-0.267977697,-1.357834811,-0.583506935,-1.292446264,0.440882139,-0.700153526,0.643357203,-0.335316358
-1.097405474,-0.407795912,-0.508263929,-0.687587444,-1.289041074,0.049042578,0.568893559,-0.721680138,0.188110383,-0.996409463,-0.376681768,-1.50918545,0.642817511,0.480618771,-0.10026669,-0.221190355,,-0.780775703,-0.121920384,0.061607265,-0.52459055,-1.183029959,0.342289554,-1.881393321,0.382627664
-0.362262528,-0.510091902,1.275445937,-0.244867182,1.23475155,,1.182644295,1.991397021,-1.228009967,0.333641918,1.71647348,-0.521558132,0.477422806,1.772746646,-0.353585234,1.01019166,-0.913329206,-0.542506662,-0.282459199,-2.041322616,0.485099308,0.272349087,-0.924854439,-0.739332891,0.250755752
,,,,,,,,,,,,,,,,,,,,,,,,
-0.151543486,0.109027297,0.869386012,-0.836546227,1.648755216,0.361457247,1.871363816,-0.089914874,0.261915304,0.074583968,0.304598669,0.418588394,-0.1264628,0.849775701,-0.666212068,1.38885337,1.074679959,0.031642498,0.343749567,-0.452797834,0.975441557,-0.260921541,-0.22569779,0.372362167,-0.464315395
-0.8392356,-1.267289757,-0.634039973,-0.59969591,-1.687375484,-0.250918853,0.264858897,-1.240541639,0.833976044,-0.084083184,-0.453888147,0.316325283,-1.221205236,-0.317908311,1.615629571,0.570471439,1.278645631,0.62774757,-1.214472529,0.239789755,-0.119214479,0.977428062,-0.826871168,-0.047439247,0.354585613
1.324821068,1.488171915,1.575691371,1.780223505,,2.669173786,1.69227255,0.225804924,0.762899505,1.948539473,0.954880892,1.506570874,1.107531523,-1.15643708,0.267991908,-0.230654817,0.271140953,-0.023161011,0.130721433,1.94181822,-0.289404922,0.545226719,-0.839441395,1.867345168,1.282192026
,,,,,,,,,,,,,,,,,,,,,,,,
-1.280249758,-0.162937109,-0.626989397,0.501101431,-0.688533664,-0.674966284,0.564305456,1.791857079,-2.216026033,-0.44971309,-0.793760707,-0.620874306,-0.505670505,-1.736253491,0.881271399,-1.315306731,-0.574468126,-0.462213081,1.41973777,-1.922659087,1.395154932,0.050936487,0.091392282,-0.684327493,
3.05390284,1.672185597,2.45394312,3.621873938,2.052546428,2.712113436,1.218866567,1.294411863,1.427689075,,2.786656832,1.258256459,-0.664616977,1.128493901,-2.337660226,-1.159343984,-1.435326243,0.93310419,0.310375849,-0.91390765,-1.371338692,0.886585561,-0.431739165,1.609409668,0.485457156
0.315426603,-0.038387526,1.506682889,-0.12832094,0.136133858,0.536138179,-0.988066808,0.557039437,0.178170967,-0.656139396,-0.762176988,1.144016882,0.297379664,0.047607132,1.160032607,0.023026053,-0.037696357,-0.5788985,1.043120451,0.262287862,1.656366971,-1.464681613,-0.6049186,1.762201449,-0.413314555
0.082886996,0.68455983,1.265414157,-0.513352437,-0.058904847,0.414609495,2.141531082,1.031297805,1.237373651,1.38161953,1.680185512,0.985440134,-1.802519564,0.278470582,0.664015116,-0.60016815,1.017813274,-1.664158403,-0.44389604,0.09299476,0.960160109,0.03314572,0.471166103,-0.123902374,-0.063952332
,,,,,,,,,,,,,,,,,,,,,,,,
0.489087401,0.158839772,-1.969227328,-0.122771537,0.001859698,1.10543798,0.751701445,2.264584719,-0.551344059,0.748570795,0.054919962,1.948220397,-1.535976199,-1.592049716,0.707124312,-1.51202793,,-0.521141982,1.347847041,0.960077298,1.183025685,0.296299526,-1.094617967,-0.050721553,-0.407880213
1.231941572,0.737075434,0.505362961,1.198442707,-0.156589613,0.730741267,-0.493752715,1.547356357,0.815501912,0.195417399,0.707245143,0.745599917,0.579415875,1.303107466,0.413385208,-0.143902725,-0.324221049,0.865859557,-1.371584425,0.930115474,-0.322472852,1.095623656,-0.032414397,-0.644999388,0.382955343
-0.623898648,-0.43722131,0.390022189,-0.120406007,0.317955593,1.146149938,0.589995012,-0.570532856,0.674994463,-0.531618733,,-0.529635015,1.12468455,-0.9520476,1.221669,1.854935212,-0.630568529,-0.458710267,-0.403140302,-0.217133092,0.285678375,-0.157098825,-0.039969089,-0.54566768,0.429488497
-0.980093821,-0.542841064,-1.546858585,-0.304355948,-0.647940377,-2.08796046,1.040790204,0.416735206,1.961307561,0.966543003,-0.968572672,-0.615770376,-0.826835401,0.586773726,-0.290409649,1.168857722,1.03350308,1.602581927,1.128446307,1.099121037,-0.541414508,-0.547455273,-0.417034978,1.319322572,-1.173757497
0.608277691,0.970073142,1.030321001,-0.045316252,0.794499073,0.443760259,0.148079908,0.232127938,0.298912558,0.566797272,-1.228589834,0.825814543,0.745488482,0.248170855,-0.506480318,0.403965641,0.681268365,-0.157158866,-0.211111715,-0.895923126,0.966475164,-1.639074999,-0.891292279,0.437376143,1.088170048
-0.738801213,-1.771352548,-0.726991556,-1.006560774,-0.047504059,,0.796559581,-0.279927458,-0.653430506,0.939730076,0.294274867,-0.086902954,1.135738886,0.36459419,0.24021768,0.649652154,0.882990236,1.296640276,-0.285602032,0.968294309,-0.707255605,-0.2729665,-0.390971601,-0.554189547,
-0.25988215,-0.107422466,0.797740623,1.239794515,-0.819247594,-0.134869208,0.368432654,-0.569349573,-0.718803819,0.678901339,0.875230915,,-0.826118544,-0.939080645,0.999038545,-0.561843504,-0.925464753,-0.914903852,-0.265332117,-0.282418903,-0.051367789,0.516874947,-0.469637364,-0.925996072,-0.222481953
,,,,,,,,,,,,,,,,,,,,,,,,
,,,,,,,,,,,,,,,,,,,,,,,,
0.437085411,0.674602961,1.411793778,1.647079701,1.084978701,1.187075912,-1.117679589,0.711401033,-0.37089005,-0.522934781,-0.514077567,0.115178724,-0.435544771,0.82844698,0.313071327,-2.103398428,-0.617334221,0.534486256,0.924231518,1.397543619,-0.821155042,1.175325126,2.226227983,0.913169887,-0.356973826
1.432408855,0.324718092,1.59072972,0.766799189,0.537953441,1.067509963,-0.123497178,-0.359095141,-1.559508431,0.83317276,-0.459383065,0.568716358,1.228615809,0.355504282,0.486889495,-0.451888229,-0.2442711,-0.319949471,0.011457241,-0.406601871,0.753138235,-0.974420821,1.33176517,-0.860081169,1.968823513
0.008693195,-1.380080427,0.035892858,-1.280690385,0.366165602,-0.34110449,-0.395059222,-0.043535414,-1.056938858,0.451475808,,0.118235706,0.001563252,0.08877338,-0.524736949,0.104742299,-0.62993167,0.371254475,1.092388567,1.56276175,-0.981985081,-0.121148141,1.941919469,0.901702568,-0.440073502
2.655088065,1.437325598,1.893519078,,0.627103211,1.339385793,-0.19163902,1.038895678,0.557843675,-0.225661416,0.073286693,,-1.233586672,-0.838957818,0.275934664,-0.729912886,0.620031929,0.202195864,0.341792963,-1.655940914,-2.150330826,-0.568816382,-0.567691309,0.196956748,-2.001950969
,,,,,,,,,,,,,,,,,,,,,,,,
-1.653453632,-0.140118473,-0.303850681,0.07231215,0.14593918,,-0.235380212,-0.943614641,-2.2185969,-0.737584651,-0.506747596,0.974585724,-1.048350325,-1.054395009,1.197878103,1.759371085,-0.080948018,-0.189381125,-1.028369474,-0.146726042,0.834659976,,0.227275816,1.025796148,-1.778513555
,,,,,,,,,,,,,,,,,,,,,,,,
-0.959354024,-1.270640404,-0.675911863,-1.011984582,-1.198635294,-0.874281153,-3.240968374,-0.839960627,-2.427543167,0.371455774,-1.948250009,-0.831401214,-0.356626363,0.449465908,0.441733317,-0.309522799,1.457120121,0.100161349,0.220213054,-0.667133386,-0.534997972,1.843804615,0.457703958,-1.404517893,0.622750265
